User_id,Merchant_id,Coupon_id,Discount_rate,Distance,Date_received,Date,label,Dis_type,Dis_rate,Dis_man,Dis_jian,weekday,day_type,u_nocoupon_count,u_withcoupon_out15day_count,u_withcoupon_in15day_count,m_nocoupon_count,m_withcoupon_out15day_count,m_withcoupon_in15day_count
1439408,2632,8591.0,20:1,0.0,2016-06-13,,0.0,1.0,0.95,20.0,1.0,1.0,0.0,2.0,2.0,,,,
2747744,6901,1097.0,50:10,-1.0,2016-06-06,,0.0,1.0,0.8,50.0,10.0,1.0,0.0,,,,,,
196342,1579,10698.0,20:1,1.0,2016-06-06,,0.0,1.0,0.95,20.0,1.0,1.0,0.0,1.0,,,,,
4064096,4666,6604.0,100:10,0.0,2016-06-02,,0.0,1.0,0.9,100.0,10.0,4.0,0.0,1.0,,,,,
114747,6901,1097.0,50:10,0.0,2016-06-05,,0.0,1.0,0.8,50.0,10.0,7.0,1.0,19.0,,1.0,,,
114747,760,2418.0,30:5,0.0,2016-06-07,,0.0,1.0,0.8333333333333334,30.0,5.0,2.0,0.0,19.0,,1.0,,,
114747,6901,2107.0,30:5,0.0,2016-06-05,,0.0,1.0,0.8333333333333334,30.0,5.0,7.0,1.0,19.0,,1.0,,,
245878,760,2418.0,30:5,0.0,2016-06-01,,0.0,1.0,0.8333333333333334,30.0,5.0,3.0,0.0,,,,,,
1314224,760,2418.0,30:5,2.0,2016-06-11,,0.0,1.0,0.8333333333333334,30.0,5.0,6.0,1.0,,,,,,
5525184,760,2418.0,30:5,0.0,2016-06-02,,0.0,1.0,0.8333333333333334,30.0,5.0,4.0,0.0,2.0,,,,,
5264064,760,2418.0,30:5,0.0,2016-06-13,,0.0,1.0,0.8333333333333334,30.0,5.0,1.0,0.0,1.0,,,,,
7101120,450,1613.0,30:5,0.0,2016-06-09,,0.0,1.0,0.8333333333333334,30.0,5.0,4.0,0.0,2.0,,,,,
6317760,760,2418.0,30:5,2.0,2016-06-01,,0.0,1.0,0.8333333333333334,30.0,5.0,3.0,0.0,,,,,,
7104192,2461,6499.0,50:5,0.0,2016-06-10,,0.0,1.0,0.9,50.0,5.0,5.0,0.0,1.0,,,,,
181078,3621,4823.0,20:5,1.0,2016-06-06,,0.0,1.0,0.75,20.0,5.0,1.0,0.0,3.0,1.0,,,,
4483776,2664,7752.0,100:5,9.0,2016-06-01,,0.0,1.0,0.95,100.0,5.0,3.0,0.0,,,,,,
140278,450,1613.0,30:5,4.0,2016-06-05,,0.0,1.0,0.8333333333333334,30.0,5.0,7.0,1.0,,,,,,
2506592,4666,6604.0,100:10,9.0,2016-06-02,,0.0,1.0,0.9,100.0,10.0,4.0,0.0,3.0,,,,,
3031904,2712,12515.0,20:1,10.0,2016-06-07,,0.0,1.0,0.95,20.0,1.0,2.0,0.0,1.0,,,,,
90699,760,2418.0,30:5,0.0,2016-06-13,,0.0,1.0,0.8333333333333334,30.0,5.0,1.0,0.0,,1.0,,,,
2116448,760,2418.0,30:5,0.0,2016-06-15,,0.0,1.0,0.8333333333333334,30.0,5.0,3.0,0.0,1.0,,,,,
78459,2206,9599.0,20:5,0.0,2016-06-02,,0.0,1.0,0.75,20.0,5.0,4.0,0.0,,,,,,
379372,5152,9545.0,20:1,1.0,2016-06-14,,0.0,1.0,0.95,20.0,1.0,2.0,0.0,2.0,1.0,,,,
1976240,450,1613.0,30:5,8.0,2016-06-01,,0.0,1.0,0.8333333333333334,30.0,5.0,3.0,0.0,2.0,1.0,1.0,,,
1976240,4225,6478.0,50:5,3.0,2016-06-08,,0.0,1.0,0.9,50.0,5.0,3.0,0.0,2.0,1.0,1.0,,,
3821408,760,2418.0,30:5,-1.0,2016-06-03,,0.0,1.0,0.8333333333333334,30.0,5.0,5.0,0.0,,1.0,1.0,,,
111243,1180,4513.0,50:5,3.0,2016-06-11,,0.0,1.0,0.9,50.0,5.0,6.0,1.0,1.0,,,,,
111243,760,2418.0,30:5,0.0,2016-06-03,,0.0,1.0,0.8333333333333334,30.0,5.0,5.0,0.0,1.0,,,,,
165334,6189,12807.0,30:1,0.0,2016-06-10,2016-06-10,1.0,1.0,0.9666666666666667,30.0,1.0,5.0,0.0,10.0,1.0,,,,
70395,2002,9146.0,100:10,0.0,2016-06-08,,0.0,1.0,0.9,100.0,10.0,3.0,0.0,2.0,,,,,
230998,760,2418.0,30:5,3.0,2016-06-06,,0.0,1.0,0.8333333333333334,30.0,5.0,1.0,0.0,2.0,,,,,
181942,760,2418.0,30:5,1.0,2016-06-09,,0.0,1.0,0.8333333333333334,30.0,5.0,4.0,0.0,,1.0,,,,
2046128,3394,9955.0,20:5,7.0,2016-06-02,,0.0,1.0,0.75,20.0,5.0,4.0,0.0,1.0,,,,,
99387,760,2418.0,30:5,1.0,2016-06-08,,0.0,1.0,0.8333333333333334,30.0,5.0,3.0,0.0,,1.0,,,,
215158,8606,8955.0,5:1,0.0,2016-06-02,,0.0,1.0,0.8,5.0,1.0,4.0,0.0,8.0,2.0,,,,
141622,760,2418.0,30:5,0.0,2016-06-06,,0.0,1.0,0.8333333333333334,30.0,5.0,1.0,0.0,,,1.0,,,
74955,760,2418.0,30:5,0.0,2016-06-09,,0.0,1.0,0.8333333333333334,30.0,5.0,4.0,0.0,4.0,2.0,1.0,,,
764376,450,1613.0,30:5,0.0,2016-06-02,,0.0,1.0,0.8333333333333334,30.0,5.0,4.0,0.0,,1.0,,,,
6118080,3621,4823.0,20:5,6.0,2016-06-08,,0.0,1.0,0.75,20.0,5.0,3.0,0.0,,1.0,,,,
6643392,5696,13767.0,50:10,-1.0,2016-06-08,,0.0,1.0,0.8,50.0,10.0,3.0,0.0,,,,,,
124347,760,2418.0,30:5,0.0,2016-06-10,,0.0,1.0,0.8333333333333334,30.0,5.0,5.0,0.0,10.0,1.0,,,,
601560,7422,4727.0,0.8,5.0,2016-06-11,2016-06-11,1.0,2.0,0.8,-1.0,-1.0,6.0,1.0,1.0,1.0,1.0,,,
929880,1469,11848.0,100:20,0.0,2016-06-13,,0.0,1.0,0.8,100.0,20.0,1.0,0.0,6.0,,,,,
120363,450,1613.0,30:5,0.0,2016-06-07,,0.0,1.0,0.8333333333333334,30.0,5.0,2.0,0.0,,,,,,
334252,760,2418.0,30:5,4.0,2016-06-11,,0.0,1.0,0.8333333333333334,30.0,5.0,6.0,1.0,5.0,2.0,1.0,,,
334252,450,11831.0,30:5,1.0,2016-06-02,2016-06-09,1.0,1.0,0.8333333333333334,30.0,5.0,4.0,0.0,5.0,2.0,1.0,,,
334252,7354,2002.0,50:5,2.0,2016-06-02,,0.0,1.0,0.9,50.0,5.0,4.0,0.0,5.0,2.0,1.0,,,
2936672,3621,4823.0,20:5,0.0,2016-06-11,2016-06-14,1.0,1.0,0.75,20.0,5.0,6.0,1.0,,,,,,
200086,1860,5067.0,30:5,10.0,2016-06-06,,0.0,1.0,0.8333333333333334,30.0,5.0,1.0,0.0,9.0,1.0,,,,
5095104,760,2418.0,30:5,0.0,2016-06-06,,0.0,1.0,0.8333333333333334,30.0,5.0,1.0,0.0,,2.0,,,,
142870,860,11426.0,50:5,0.0,2016-06-05,2016-06-25,0.0,1.0,0.9,50.0,5.0,7.0,1.0,1.0,,,,,
200278,4570,2563.0,10:1,0.0,2016-06-09,,0.0,1.0,0.9,10.0,1.0,4.0,0.0,,,,,,
2286944,3621,4823.0,20:5,1.0,2016-06-09,,0.0,1.0,0.75,20.0,5.0,4.0,0.0,,1.0,,,,
1799600,3621,4823.0,20:5,2.0,2016-06-09,,0.0,1.0,0.75,20.0,5.0,4.0,0.0,,,,,,
1799600,760,2418.0,30:5,1.0,2016-06-05,,0.0,1.0,0.8333333333333334,30.0,5.0,7.0,1.0,,,,,,
257782,760,2418.0,30:5,0.0,2016-06-14,,0.0,1.0,0.8333333333333334,30.0,5.0,2.0,0.0,,,,,,
1669040,760,2418.0,30:5,0.0,2016-06-10,,0.0,1.0,0.8333333333333334,30.0,5.0,5.0,0.0,,,,,,
96171,1469,2601.0,100:20,0.0,2016-06-13,,0.0,1.0,0.8,100.0,20.0,1.0,0.0,,,,,,
401068,760,2418.0,30:5,0.0,2016-06-02,,0.0,1.0,0.8333333333333334,30.0,5.0,4.0,0.0,4.0,,,,,
1675697,760,2418.0,30:5,0.0,2016-06-04,,0.0,1.0,0.8333333333333334,30.0,5.0,6.0,1.0,,,,,,
4019042,1398,13374.0,20:5,3.0,2016-06-10,,0.0,1.0,0.75,20.0,5.0,5.0,0.0,1.0,,,,,
4019042,1398,13374.0,20:5,3.0,2016-06-08,2016-06-10,1.0,1.0,0.75,20.0,5.0,3.0,0.0,1.0,,,,,
1947569,2050,8291.0,200:20,0.0,2016-06-11,,0.0,1.0,0.9,200.0,20.0,6.0,1.0,1.0,,,,,
4387524,760,2418.0,30:5,0.0,2016-06-01,,0.0,1.0,0.8333333333333334,30.0,5.0,3.0,0.0,,,,,,
6759108,582,4253.0,100:30,9.0,2016-06-15,,0.0,1.0,0.7,100.0,30.0,3.0,0.0,3.0,1.0,,,,
6759108,4860,9316.0,100:30,1.0,2016-06-02,,0.0,1.0,0.7,100.0,30.0,4.0,0.0,3.0,1.0,,,,
4928196,3046,9817.0,100:20,0.0,2016-06-09,,0.0,1.0,0.8,100.0,20.0,4.0,0.0,,,,,,
4928196,3046,5483.0,100:30,0.0,2016-06-09,,0.0,1.0,0.7,100.0,30.0,4.0,0.0,,,,,,
2211170,450,1613.0,30:5,10.0,2016-06-01,,0.0,1.0,0.8333333333333334,30.0,5.0,3.0,0.0,1.0,,,,,
2025905,4666,6604.0,100:10,1.0,2016-06-02,,0.0,1.0,0.9,100.0,10.0,4.0,0.0,1.0,,,,,
5748420,8181,13782.0,50:5,0.0,2016-06-06,,0.0,1.0,0.9,50.0,5.0,1.0,0.0,1.0,,,,,
3271010,5557,3589.0,100:10,1.0,2016-06-11,2016-06-12,1.0,1.0,0.9,100.0,10.0,6.0,1.0,,,,,,
4057442,1089,4044.0,20:1,0.0,2016-06-02,,0.0,1.0,0.95,20.0,1.0,4.0,0.0,9.0,,,,,
1636529,7113,1633.0,50:10,1.0,2016-06-13,,0.0,1.0,0.8,50.0,10.0,1.0,0.0,,,,,,
1114289,760,2418.0,30:5,10.0,2016-06-01,,0.0,1.0,0.8333333333333334,30.0,5.0,3.0,0.0,,,,,,
1115825,760,2418.0,30:5,0.0,2016-06-02,,0.0,1.0,0.8333333333333334,30.0,5.0,4.0,0.0,,,,,,
3019106,3621,4823.0,20:5,-1.0,2016-06-06,,0.0,1.0,0.75,20.0,5.0,1.0,0.0,,,,,,
4218564,3621,4033.0,20:5,1.0,2016-06-03,,0.0,1.0,0.75,20.0,5.0,5.0,0.0,2.0,,,,,
4746948,576,681.0,20:1,0.0,2016-06-06,,0.0,1.0,0.95,20.0,1.0,1.0,0.0,8.0,3.0,,,,
4746948,576,1699.0,50:5,0.0,2016-06-06,,0.0,1.0,0.9,50.0,5.0,1.0,0.0,8.0,3.0,,,,
3300194,760,2418.0,30:5,1.0,2016-06-13,,0.0,1.0,0.8333333333333334,30.0,5.0,1.0,0.0,6.0,,,,,
5293764,5819,3103.0,100:10,4.0,2016-06-03,,0.0,1.0,0.9,100.0,10.0,5.0,0.0,1.0,,,,,
2910050,3740,4720.0,20:1,10.0,2016-06-07,,0.0,1.0,0.95,20.0,1.0,2.0,0.0,2.0,1.0,,,,
3435362,6135,8182.0,10:1,0.0,2016-06-12,,0.0,1.0,0.9,10.0,1.0,7.0,1.0,5.0,1.0,,,,
2793314,760,2418.0,30:5,2.0,2016-06-06,,0.0,1.0,0.8333333333333334,30.0,5.0,1.0,0.0,8.0,3.0,,,,
7164612,3621,4823.0,20:5,1.0,2016-06-12,,0.0,1.0,0.75,20.0,5.0,7.0,1.0,,,,,,
3059042,760,2418.0,30:5,3.0,2016-06-03,,0.0,1.0,0.8333333333333334,30.0,5.0,5.0,0.0,,,,,,
3059042,3621,4823.0,20:5,0.0,2016-06-03,,0.0,1.0,0.75,20.0,5.0,5.0,0.0,,,,,,
4283076,760,2418.0,30:5,0.0,2016-06-11,,0.0,1.0,0.8333333333333334,30.0,5.0,6.0,1.0,,,,,,
1270193,760,2418.0,30:5,0.0,2016-06-10,,0.0,1.0,0.8333333333333334,30.0,5.0,5.0,0.0,,,,,,
2673506,760,2418.0,30:5,1.0,2016-06-09,,0.0,1.0,0.8333333333333334,30.0,5.0,4.0,0.0,,,,,,
4574916,450,1613.0,30:5,4.0,2016-06-03,,0.0,1.0,0.8333333333333334,30.0,5.0,5.0,0.0,4.0,,,,,
4574916,760,2418.0,30:5,1.0,2016-06-03,,0.0,1.0,0.8333333333333334,30.0,5.0,5.0,0.0,4.0,,,,,
1033689,2714,13408.0,20:1,0.0,2016-06-08,,0.0,1.0,0.95,20.0,1.0,3.0,0.0,3.0,1.0,,,,
1033689,3621,4823.0,20:5,0.0,2016-06-03,,0.0,1.0,0.75,20.0,5.0,5.0,0.0,3.0,1.0,,,,
2069426,450,1613.0,30:5,0.0,2016-06-10,2016-06-24,1.0,1.0,0.8333333333333334,30.0,5.0,5.0,0.0,3.0,1.0,,,,
4610760,760,2418.0,30:5,1.0,2016-06-06,,0.0,1.0,0.8333333333333334,30.0,5.0,1.0,0.0,,,,,,
2070962,7717,9614.0,20:1,0.0,2016-06-11,,0.0,1.0,0.95,20.0,1.0,6.0,1.0,3.0,3.0,,,,
2071730,3621,4823.0,20:5,0.0,2016-06-13,,0.0,1.0,0.75,20.0,5.0,1.0,0.0,,,,,,
3490148,2277,12287.0,30:10,0.0,2016-06-06,2016-06-30,0.0,1.0,0.6666666666666667,30.0,10.0,1.0,0.0,1.0,2.0,,,,
971097,7113,1633.0,50:10,0.0,2016-06-13,,0.0,1.0,0.8,50.0,10.0,1.0,0.0,2.0,1.0,,,,
1484210,6485,8798.0,100:10,3.0,2016-06-02,,0.0,1.0,0.9,100.0,10.0,4.0,0.0,,,,,,
3758948,7717,9614.0,20:1,1.0,2016-06-05,,0.0,1.0,0.95,20.0,1.0,7.0,1.0,1.0,1.0,,,,
1355954,6288,6923.0,30:10,-1.0,2016-06-08,,0.0,1.0,0.6666666666666667,30.0,10.0,3.0,0.0,,,,,,
579801,3621,4823.0,20:5,0.0,2016-06-11,,0.0,1.0,0.75,20.0,5.0,6.0,1.0,6.0,3.0,,,,
4027748,760,2418.0,30:5,0.0,2016-06-14,,0.0,1.0,0.8333333333333334,30.0,5.0,2.0,0.0,,,,,,
713049,760,2418.0,30:5,0.0,2016-06-14,,0.0,1.0,0.8333333333333334,30.0,5.0,2.0,0.0,4.0,1.0,,,,
549849,2420,10883.0,100:30,3.0,2016-06-13,,0.0,1.0,0.7,100.0,30.0,1.0,0.0,,,,,,
7022280,760,2418.0,30:5,0.0,2016-06-13,,0.0,1.0,0.8333333333333334,30.0,5.0,1.0,0.0,,,,,,
683865,5829,2208.0,50:5,3.0,2016-06-01,,0.0,1.0,0.9,50.0,5.0,3.0,0.0,2.0,1.0,,,,
980313,760,2418.0,30:5,1.0,2016-06-11,,0.0,1.0,0.8333333333333334,30.0,5.0,6.0,1.0,1.0,,,,,
3267428,760,2418.0,30:5,0.0,2016-06-02,,0.0,1.0,0.8333333333333334,30.0,5.0,4.0,0.0,,,,,,
5771976,760,2418.0,30:5,0.0,2016-06-06,,0.0,1.0,0.8333333333333334,30.0,5.0,1.0,0.0,,,,,,
3279716,6121,8960.0,30:5,0.0,2016-06-14,,0.0,1.0,0.8333333333333334,30.0,5.0,2.0,0.0,,,,,,
7086792,2622,6215.0,30:10,0.0,2016-06-03,,0.0,1.0,0.6666666666666667,30.0,10.0,5.0,0.0,,,,,,
756057,3621,4033.0,20:5,-1.0,2016-06-10,2016-06-20,1.0,1.0,0.75,20.0,5.0,5.0,0.0,,,,,,
921945,450,1613.0,30:5,1.0,2016-06-08,,0.0,1.0,0.8333333333333334,30.0,5.0,3.0,0.0,,,,,,
3818852,760,2418.0,30:5,10.0,2016-06-14,,0.0,1.0,0.8333333333333334,30.0,5.0,2.0,0.0,,,,,,
3818852,3621,4823.0,20:5,1.0,2016-06-06,,0.0,1.0,0.75,20.0,5.0,1.0,0.0,,,,,,
3427172,760,2418.0,30:5,0.0,2016-06-10,,0.0,1.0,0.8333333333333334,30.0,5.0,5.0,0.0,,,,,,
1127090,3173,7414.0,100:10,0.0,2016-06-01,,0.0,1.0,0.9,100.0,10.0,3.0,0.0,,,,,,
3172196,2420,10883.0,100:30,0.0,2016-06-13,,0.0,1.0,0.7,100.0,30.0,1.0,0.0,,,,,,
3958628,351,8690.0,10:1,0.0,2016-06-12,,0.0,1.0,0.9,10.0,1.0,7.0,1.0,,,,,,
3829604,1469,7430.0,50:20,1.0,2016-06-14,,0.0,1.0,0.6,50.0,20.0,2.0,0.0,,,,,,
859353,760,2418.0,30:5,4.0,2016-06-05,,0.0,1.0,0.8333333333333334,30.0,5.0,7.0,1.0,,,,,,
3570020,7428,13916.0,20:1,4.0,2016-06-03,2016-06-08,1.0,1.0,0.95,20.0,1.0,5.0,0.0,,,,,,
3570020,7428,13916.0,20:1,4.0,2016-06-08,,0.0,1.0,0.95,20.0,1.0,3.0,0.0,,,,,,
860121,3453,2880.0,20:1,0.0,2016-06-03,,0.0,1.0,0.95,20.0,1.0,5.0,0.0,,,,,,
1721522,450,1613.0,30:5,1.0,2016-06-08,,0.0,1.0,0.8333333333333334,30.0,5.0,3.0,0.0,,,,,,
1984178,7717,3563.0,20:1,0.0,2016-06-09,,0.0,1.0,0.95,20.0,1.0,4.0,0.0,,,,,,
1984178,7717,13423.0,20:1,0.0,2016-06-08,,0.0,1.0,0.95,20.0,1.0,3.0,0.0,,,,,,
1132466,760,2418.0,30:5,0.0,2016-06-07,,0.0,1.0,0.8333333333333334,30.0,5.0,2.0,0.0,,,,,,
7160520,3621,4823.0,20:5,1.0,2016-06-14,,0.0,1.0,0.75,20.0,5.0,2.0,0.0,,,,,,
1398962,450,1613.0,30:5,1.0,2016-06-12,,0.0,1.0,0.8333333333333334,30.0,5.0,7.0,1.0,,,,,,
2273636,4860,9316.0,100:30,1.0,2016-06-02,,0.0,1.0,0.7,100.0,30.0,4.0,0.0,,,,,,
5857992,760,2418.0,30:5,1.0,2016-06-08,,0.0,1.0,0.8333333333333334,30.0,5.0,3.0,0.0,,,,,,
3322724,6949,11900.0,30:5,0.0,2016-06-05,,0.0,1.0,0.8333333333333334,30.0,5.0,7.0,1.0,,,,,,
929241,1469,7430.0,50:20,10.0,2016-06-08,,0.0,1.0,0.6,50.0,20.0,3.0,0.0,,,,,,
2410340,1812,8970.0,100:20,2.0,2016-06-04,,0.0,1.0,0.8,100.0,20.0,6.0,1.0,,,,,,
2149220,760,2418.0,30:5,0.0,2016-06-12,,0.0,1.0,0.8333333333333334,30.0,5.0,7.0,1.0,,,,,,
3460964,450,1613.0,30:5,2.0,2016-06-15,,0.0,1.0,0.8333333333333334,30.0,5.0,3.0,0.0,,,,,,
1730738,760,2418.0,30:5,-1.0,2016-06-04,,0.0,1.0,0.8333333333333334,30.0,5.0,6.0,1.0,,,,,,
5624520,760,2418.0,30:5,1.0,2016-06-10,,0.0,1.0,0.8333333333333334,30.0,5.0,5.0,0.0,,,,,,
704217,3621,4823.0,20:5,-1.0,2016-06-07,,0.0,1.0,0.75,20.0,5.0,2.0,0.0,,,,,,
704217,760,2418.0,30:5,0.0,2016-06-03,,0.0,1.0,0.8333333333333334,30.0,5.0,5.0,0.0,,,,,,
1802162,4675,4412.0,30:5,0.0,2016-06-03,,0.0,1.0,0.8333333333333334,30.0,5.0,5.0,0.0,,,,,,
3736934,760,2418.0,30:5,0.0,2016-06-08,,0.0,1.0,0.8333333333333334,30.0,5.0,3.0,0.0,,,,,,
1738163,1307,3142.0,30:5,1.0,2016-06-11,2016-06-26,1.0,1.0,0.8333333333333334,30.0,5.0,6.0,1.0,,,,,,
3084134,8386,4283.0,100:20,0.0,2016-06-10,,0.0,1.0,0.8,100.0,20.0,5.0,0.0,,,,,,
2171750,3621,4823.0,20:5,3.0,2016-06-09,,0.0,1.0,0.75,20.0,5.0,4.0,0.0,,,,,,
5918412,760,2418.0,30:5,1.0,2016-06-01,,0.0,1.0,0.8333333333333334,30.0,5.0,3.0,0.0,,,,,,
1283507,760,2418.0,30:5,2.0,2016-06-10,,0.0,1.0,0.8333333333333334,30.0,5.0,5.0,0.0,,,,,,
6720204,760,2418.0,30:5,0.0,2016-06-10,,0.0,1.0,0.8333333333333334,30.0,5.0,5.0,0.0,,,,,,
2314598,760,2418.0,30:5,10.0,2016-06-15,,0.0,1.0,0.8333333333333334,30.0,5.0,3.0,0.0,,,,,,
2314598,3621,4823.0,20:5,0.0,2016-06-02,,0.0,1.0,0.75,20.0,5.0,4.0,0.0,,,,,,
4019558,760,2418.0,30:5,1.0,2016-06-13,,0.0,1.0,0.8333333333333334,30.0,5.0,1.0,0.0,,,,,,
4021094,3621,4823.0,20:5,0.0,2016-06-06,,0.0,1.0,0.75,20.0,5.0,1.0,0.0,,,,,,
5420748,8181,13782.0,50:5,0.0,2016-06-06,,0.0,1.0,0.9,50.0,5.0,1.0,0.0,,,,,,
5420748,8181,13782.0,50:5,0.0,2016-06-05,,0.0,1.0,0.9,50.0,5.0,7.0,1.0,,,,,,
5420748,8181,13782.0,50:5,0.0,2016-06-11,,0.0,1.0,0.9,50.0,5.0,6.0,1.0,,,,,,
5420748,8181,13782.0,50:5,0.0,2016-06-14,,0.0,1.0,0.9,50.0,5.0,2.0,0.0,,,,,,
3890534,760,2418.0,30:5,0.0,2016-06-04,,0.0,1.0,0.8333333333333334,30.0,5.0,6.0,1.0,,,,,,
2713958,760,2418.0,30:5,1.0,2016-06-09,2016-06-10,1.0,1.0,0.8333333333333334,30.0,5.0,4.0,0.0,,,,,,
5703372,2574,7493.0,50:10,0.0,2016-06-12,,0.0,1.0,0.8,50.0,10.0,7.0,1.0,,,,,,
2337638,760,2418.0,30:5,1.0,2016-06-01,,0.0,1.0,0.8333333333333334,30.0,5.0,3.0,0.0,,,,,,
2337638,7838,12429.0,0.95,1.0,2016-06-01,,0.0,2.0,0.95,-1.0,-1.0,3.0,0.0,,,,,,
2337638,1041,4635.0,0.8,0.0,2016-06-08,2016-06-08,1.0,2.0,0.8,-1.0,-1.0,3.0,0.0,,,,,,
1497779,760,2418.0,30:5,1.0,2016-06-03,,0.0,1.0,0.8333333333333334,30.0,5.0,5.0,0.0,,,,,,
4425420,3434,7439.0,10:1,0.0,2016-06-14,,0.0,1.0,0.9,10.0,1.0,2.0,0.0,,,,,,
1828019,7113,1808.0,100:10,3.0,2016-06-03,,0.0,1.0,0.9,100.0,10.0,5.0,0.0,,,,,,
1634483,3621,4033.0,20:5,-1.0,2016-06-09,,0.0,1.0,0.75,20.0,5.0,4.0,0.0,,,,,,
3664742,7319,4869.0,50:5,0.0,2016-06-14,,0.0,1.0,0.9,50.0,5.0,2.0,0.0,,,,,,
1310387,7717,9614.0,20:1,1.0,2016-06-01,,0.0,1.0,0.95,20.0,1.0,3.0,0.0,,,,,,
1376435,450,1613.0,30:5,2.0,2016-06-05,,0.0,1.0,0.8333333333333334,30.0,5.0,7.0,1.0,,,,,,
1376435,760,2418.0,30:5,1.0,2016-06-11,,0.0,1.0,0.8333333333333334,30.0,5.0,6.0,1.0,,,,,,
1966259,4419,9852.0,50:5,-1.0,2016-06-01,,0.0,1.0,0.9,50.0,5.0,3.0,0.0,,,,,,
3016550,2286,11053.0,20:1,-1.0,2016-06-01,,0.0,1.0,0.95,20.0,1.0,3.0,0.0,,,,,,
4723404,3621,4823.0,20:5,0.0,2016-06-02,,0.0,1.0,0.75,20.0,5.0,4.0,0.0,,,,,,
1968563,760,2418.0,30:5,0.0,2016-06-10,,0.0,1.0,0.8333333333333334,30.0,5.0,5.0,0.0,,,,,,
6569676,450,1613.0,30:5,1.0,2016-06-06,,0.0,1.0,0.8333333333333334,30.0,5.0,1.0,0.0,,,,,,
4735692,7483,12591.0,20:5,-1.0,2016-06-07,,0.0,1.0,0.75,20.0,5.0,2.0,0.0,,,,,,
6836940,7506,7688.0,20:1,0.0,2016-06-02,,0.0,1.0,0.95,20.0,1.0,4.0,0.0,,,,,,
6836940,7506,7688.0,20:1,0.0,2016-06-05,,0.0,1.0,0.95,20.0,1.0,7.0,1.0,,,,,,
6836940,7506,7688.0,20:1,0.0,2016-06-09,,0.0,1.0,0.95,20.0,1.0,4.0,0.0,,,,,,
2634086,760,2418.0,30:5,0.0,2016-06-13,,0.0,1.0,0.8333333333333334,30.0,5.0,1.0,0.0,,,,,,
1317299,6858,13565.0,20:1,0.0,2016-06-03,,0.0,1.0,0.95,20.0,1.0,5.0,0.0,,,,,,
2039219,1469,2601.0,100:20,0.0,2016-06-12,,0.0,1.0,0.8,100.0,20.0,7.0,1.0,,,,,,
2247014,6761,13900.0,100:20,0.0,2016-06-06,2016-06-24,0.0,1.0,0.8,100.0,20.0,1.0,0.0,,,,,,
1320371,1469,11848.0,100:20,0.0,2016-06-03,,0.0,1.0,0.8,100.0,20.0,5.0,0.0,,,,,,
1320371,1469,11848.0,100:20,0.0,2016-06-09,2016-06-28,0.0,1.0,0.8,100.0,20.0,4.0,0.0,,,,,,
4097894,797,9362.0,30:5,4.0,2016-06-12,,0.0,1.0,0.8333333333333334,30.0,5.0,7.0,1.0,,,,,,
4265676,760,2418.0,30:5,10.0,2016-06-01,,0.0,1.0,0.8333333333333334,30.0,5.0,3.0,0.0,,,,,,
2928998,3621,4823.0,20:5,1.0,2016-06-10,,0.0,1.0,0.75,20.0,5.0,5.0,0.0,,,,,,
1862579,7884,53.0,30:5,-1.0,2016-06-09,,0.0,1.0,0.8333333333333334,30.0,5.0,4.0,0.0,,,,,,
2419046,4579,10055.0,10:1,0.0,2016-06-03,,0.0,1.0,0.9,10.0,1.0,5.0,0.0,,,,,,
6413004,760,2418.0,30:5,-1.0,2016-06-05,,0.0,1.0,0.8333333333333334,30.0,5.0,7.0,1.0,,,,,,
835674,760,2418.0,30:5,5.0,2016-06-09,,0.0,1.0,0.8333333333333334,30.0,5.0,4.0,0.0,,,,,,
6424272,7717,3563.0,20:1,0.0,2016-06-06,,0.0,1.0,0.95,20.0,1.0,1.0,0.0,,,,,,
6424272,7717,13423.0,20:1,0.0,2016-06-05,,0.0,1.0,0.95,20.0,1.0,7.0,1.0,,,,,,
6424272,7717,4751.0,20:1,0.0,2016-06-05,,0.0,1.0,0.95,20.0,1.0,7.0,1.0,,,,,,
3612008,3621,4823.0,20:5,0.0,2016-06-07,,0.0,1.0,0.75,20.0,5.0,2.0,0.0,,,,,,
3612008,760,2418.0,30:5,3.0,2016-06-07,,0.0,1.0,0.8333333333333334,30.0,5.0,2.0,0.0,,,,,,
304237,760,2418.0,30:5,0.0,2016-06-04,,0.0,1.0,0.8333333333333334,30.0,5.0,6.0,1.0,,,,,,
5392080,75,7724.0,20:1,0.0,2016-06-02,2016-06-09,1.0,1.0,0.95,20.0,1.0,4.0,0.0,,,,,,
1807796,7886,3083.0,0.9,5.0,2016-06-15,,0.0,2.0,0.9,-1.0,-1.0,3.0,0.0,,,,,,
320941,1469,11848.0,100:20,8.0,2016-06-08,,0.0,1.0,0.8,100.0,20.0,3.0,0.0,,,,,,
4009832,6763,2228.0,20:1,2.0,2016-06-05,,0.0,1.0,0.95,20.0,1.0,7.0,1.0,,,,,,
4353744,760,2418.0,30:5,4.0,2016-06-14,,0.0,1.0,0.8333333333333334,30.0,5.0,2.0,0.0,,,,,,
675546,7354,2002.0,50:5,0.0,2016-06-04,,0.0,1.0,0.9,50.0,5.0,6.0,1.0,,,,,,
289069,760,2418.0,30:5,0.0,2016-06-05,,0.0,1.0,0.8333333333333334,30.0,5.0,7.0,1.0,,,,,,
2074292,450,1613.0,30:5,10.0,2016-06-14,,0.0,1.0,0.8333333333333334,30.0,5.0,2.0,0.0,,,,,,
841050,3621,4823.0,20:5,0.0,2016-06-12,2016-06-29,0.0,1.0,0.75,20.0,5.0,7.0,1.0,,,,,,
4020584,760,2418.0,30:5,0.0,2016-06-06,2016-06-16,1.0,1.0,0.8333333333333334,30.0,5.0,1.0,0.0,,,,,,
3759464,760,2418.0,30:5,0.0,2016-06-13,,0.0,1.0,0.8333333333333334,30.0,5.0,1.0,0.0,,,,,,
5683920,5377,6942.0,0.8,1.0,2016-06-12,,0.0,2.0,0.8,-1.0,-1.0,7.0,1.0,,,,,,
1227188,1469,11848.0,100:20,0.0,2016-06-14,,0.0,1.0,0.8,100.0,20.0,2.0,0.0,,,,,,
1227188,1469,2601.0,100:20,0.0,2016-06-14,,0.0,1.0,0.8,100.0,20.0,2.0,0.0,,,,,,
3896168,760,2418.0,30:5,0.0,2016-06-15,,0.0,1.0,0.8333333333333334,30.0,5.0,3.0,0.0,,,,,,
4028264,450,1613.0,30:5,10.0,2016-06-09,,0.0,1.0,0.8333333333333334,30.0,5.0,4.0,0.0,,,,,,
1425332,3621,4823.0,20:5,0.0,2016-06-11,,0.0,1.0,0.75,20.0,5.0,6.0,1.0,,,,,,
5444304,760,2418.0,30:5,1.0,2016-06-02,,0.0,1.0,0.8333333333333334,30.0,5.0,4.0,0.0,,,,,,
455149,450,1613.0,30:5,1.0,2016-06-07,,0.0,1.0,0.8333333333333334,30.0,5.0,2.0,0.0,,,,,,
5189328,760,2418.0,30:5,1.0,2016-06-13,,0.0,1.0,0.8333333333333334,30.0,5.0,1.0,0.0,,,,,,
1887668,450,1613.0,30:5,6.0,2016-06-01,,0.0,1.0,0.8333333333333334,30.0,5.0,3.0,0.0,,,,,,
5195472,450,9757.0,30:5,0.0,2016-06-02,2016-06-11,1.0,1.0,0.8333333333333334,30.0,5.0,4.0,0.0,,,,,,
5195472,450,1613.0,30:5,0.0,2016-06-01,2016-06-02,1.0,1.0,0.8333333333333334,30.0,5.0,3.0,0.0,,,,,,
5195472,760,2418.0,30:5,1.0,2016-06-02,,0.0,1.0,0.8333333333333334,30.0,5.0,4.0,0.0,,,,,,
1955252,450,1613.0,30:5,2.0,2016-06-09,,0.0,1.0,0.8333333333333334,30.0,5.0,4.0,0.0,,,,,,
1955252,760,2418.0,30:5,0.0,2016-06-02,,0.0,1.0,0.8333333333333334,30.0,5.0,4.0,0.0,,,,,,
1760180,760,2418.0,30:5,0.0,2016-06-09,,0.0,1.0,0.8333333333333334,30.0,5.0,4.0,0.0,,,,,,
3260264,760,2418.0,30:5,0.0,2016-06-08,,0.0,1.0,0.8333333333333334,30.0,5.0,3.0,0.0,,,,,,
3655016,1469,2601.0,100:20,1.0,2016-06-11,,0.0,1.0,0.8,100.0,20.0,6.0,1.0,,,,,,
2607464,760,2418.0,30:5,1.0,2016-06-08,,0.0,1.0,0.8333333333333334,30.0,5.0,3.0,0.0,,,,,,
392173,760,2418.0,30:5,0.0,2016-06-07,,0.0,1.0,0.8333333333333334,30.0,5.0,2.0,0.0,,,,,,
3271016,2436,3992.0,30:5,0.0,2016-06-05,,0.0,1.0,0.8333333333333334,30.0,5.0,7.0,1.0,,,,,,
3271016,6481,13761.0,30:5,2.0,2016-06-09,,0.0,1.0,0.8333333333333334,30.0,5.0,4.0,0.0,,,,,,
719706,6485,8798.0,100:10,0.0,2016-06-03,,0.0,1.0,0.9,100.0,10.0,5.0,0.0,,,,,,
6286032,6485,13441.0,0.95,0.0,2016-06-08,,0.0,2.0,0.95,-1.0,-1.0,3.0,0.0,,,,,,
4977360,760,2418.0,30:5,0.0,2016-06-10,,0.0,1.0,0.8333333333333334,30.0,5.0,5.0,0.0,,,,,,
4977360,450,1613.0,30:5,1.0,2016-06-13,,0.0,1.0,0.8333333333333334,30.0,5.0,1.0,0.0,,,,,,
278701,8206,11738.0,20:1,0.0,2016-06-06,,0.0,1.0,0.95,20.0,1.0,1.0,0.0,,,,,,
278701,8206,11738.0,20:1,0.0,2016-06-03,,0.0,1.0,0.95,20.0,1.0,5.0,0.0,,,,,,
278701,8206,11738.0,20:1,0.0,2016-06-05,,0.0,1.0,0.95,20.0,1.0,7.0,1.0,,,,,,
3802472,760,2418.0,30:5,1.0,2016-06-13,,0.0,1.0,0.8333333333333334,30.0,5.0,1.0,0.0,,,,,,
263725,5041,12858.0,30:5,0.0,2016-06-04,,0.0,1.0,0.8333333333333334,30.0,5.0,6.0,1.0,,,,,,
2241896,760,2418.0,30:5,0.0,2016-06-10,,0.0,1.0,0.8333333333333334,30.0,5.0,5.0,0.0,,,,,,
626778,760,2418.0,30:5,0.0,2016-06-01,,0.0,1.0,0.8333333333333334,30.0,5.0,3.0,0.0,,,,,,
3559784,760,2418.0,30:5,0.0,2016-06-01,,0.0,1.0,0.8333333333333334,30.0,5.0,3.0,0.0,,,,,,
1021146,7613,1971.0,5:1,0.0,2016-06-02,,0.0,1.0,0.8,5.0,1.0,4.0,0.0,,,,,,
988506,760,2418.0,30:5,-1.0,2016-06-01,2016-06-15,1.0,1.0,0.8333333333333334,30.0,5.0,3.0,0.0,,,,,,
1125812,760,2418.0,30:5,0.0,2016-06-10,,0.0,1.0,0.8333333333333334,30.0,5.0,5.0,0.0,,,,,,
5290704,1469,7430.0,50:20,1.0,2016-06-06,,0.0,1.0,0.6,50.0,20.0,1.0,0.0,,,,,,
2777960,760,2418.0,30:5,3.0,2016-06-01,,0.0,1.0,0.8333333333333334,30.0,5.0,3.0,0.0,,,,,,
2777960,3655,8729.0,100:10,1.0,2016-06-05,,0.0,1.0,0.9,100.0,10.0,7.0,1.0,,,,,,
2777960,3621,4823.0,20:5,0.0,2016-06-07,,0.0,1.0,0.75,20.0,5.0,2.0,0.0,,,,,,
1455284,760,2418.0,30:5,0.0,2016-06-06,,0.0,1.0,0.8333333333333334,30.0,5.0,1.0,0.0,,,,,,
924762,450,1613.0,30:5,4.0,2016-06-02,,0.0,1.0,0.8333333333333334,30.0,5.0,4.0,0.0,,,,,,
794202,760,2418.0,30:5,0.0,2016-06-10,,0.0,1.0,0.8333333333333334,30.0,5.0,5.0,0.0,,,,,,
282925,450,1613.0,30:5,3.0,2016-06-04,,0.0,1.0,0.8333333333333334,30.0,5.0,6.0,1.0,,,,,,
282925,760,2418.0,30:5,9.0,2016-06-04,,0.0,1.0,0.8333333333333334,30.0,5.0,6.0,1.0,,,,,,
398317,760,2418.0,30:5,1.0,2016-06-10,,0.0,1.0,0.8333333333333334,30.0,5.0,5.0,0.0,,,,,,
365677,8424,8553.0,20:1,3.0,2016-06-14,2016-06-22,1.0,1.0,0.95,20.0,1.0,2.0,0.0,,,,,,
1267124,760,2418.0,30:5,0.0,2016-06-06,,0.0,1.0,0.8333333333333334,30.0,5.0,1.0,0.0,,,,,,
398893,760,2418.0,30:5,0.0,2016-06-07,2016-06-21,1.0,1.0,0.8333333333333334,30.0,5.0,2.0,0.0,,,,,,
497197,2622,6215.0,30:10,0.0,2016-06-03,,0.0,1.0,0.6666666666666667,30.0,10.0,5.0,0.0,,,,,,
994650,760,2418.0,30:5,1.0,2016-06-11,,0.0,1.0,0.8333333333333334,30.0,5.0,6.0,1.0,,,,,,
2930024,4074,1620.0,30:1,1.0,2016-06-12,,0.0,1.0,0.9666666666666667,30.0,1.0,7.0,1.0,,,,,,
2930024,760,2418.0,30:5,0.0,2016-06-13,,0.0,1.0,0.8333333333333334,30.0,5.0,1.0,0.0,,,,,,
285037,760,2418.0,30:5,1.0,2016-06-04,,0.0,1.0,0.8333333333333334,30.0,5.0,6.0,1.0,,,,,,
383533,5717,336.0,30:5,-1.0,2016-06-02,,0.0,1.0,0.8333333333333334,30.0,5.0,4.0,0.0,,,,,,
465517,450,1613.0,30:5,3.0,2016-06-09,,0.0,1.0,0.8333333333333334,30.0,5.0,4.0,0.0,,,,,,
865626,3621,4823.0,20:5,1.0,2016-06-13,,0.0,1.0,0.75,20.0,5.0,1.0,0.0,,,,,,
932058,760,2418.0,30:5,0.0,2016-06-04,,0.0,1.0,0.8333333333333334,30.0,5.0,6.0,1.0,,,,,,
367981,3621,4823.0,20:5,0.0,2016-06-06,,0.0,1.0,0.75,20.0,5.0,1.0,0.0,,,,,,
367981,760,2418.0,30:5,4.0,2016-06-06,,0.0,1.0,0.8333333333333334,30.0,5.0,1.0,0.0,,,,,,
335341,3621,4823.0,20:5,1.0,2016-06-12,,0.0,1.0,0.75,20.0,5.0,7.0,1.0,,,,,,
900186,760,2418.0,30:5,0.0,2016-06-11,,0.0,1.0,0.8333333333333334,30.0,5.0,6.0,1.0,,,,,,
5636820,8808,5019.0,50:5,0.0,2016-06-08,,0.0,1.0,0.9,50.0,5.0,3.0,0.0,,,,,,
4592340,760,2418.0,30:5,2.0,2016-06-15,2016-06-18,1.0,1.0,0.8333333333333334,30.0,5.0,3.0,0.0,,,,,,
2069429,450,1613.0,30:5,1.0,2016-06-14,,0.0,1.0,0.8333333333333334,30.0,5.0,2.0,0.0,,,,,,
4009322,760,2418.0,30:5,-1.0,2016-06-01,,0.0,1.0,0.8333333333333334,30.0,5.0,3.0,0.0,,,,,,
1611701,760,2418.0,30:5,3.0,2016-06-01,,0.0,1.0,0.8333333333333334,30.0,5.0,3.0,0.0,,,,,,
1484981,4666,6604.0,100:10,10.0,2016-06-02,,0.0,1.0,0.9,100.0,10.0,4.0,0.0,,,,,,
1682357,450,1613.0,30:5,0.0,2016-06-08,,0.0,1.0,0.8333333333333334,30.0,5.0,3.0,0.0,,,,,,
1094837,3621,4823.0,20:5,1.0,2016-06-10,,0.0,1.0,0.75,20.0,5.0,5.0,0.0,,,,,,
5953236,7428,11705.0,20:1,2.0,2016-06-10,,0.0,1.0,0.95,20.0,1.0,5.0,0.0,,,,,,
2454890,6959,4492.0,20:1,1.0,2016-06-06,,0.0,1.0,0.95,20.0,1.0,1.0,0.0,,,,,,
2454890,4232,7774.0,30:1,0.0,2016-06-08,2016-06-17,1.0,1.0,0.9666666666666667,30.0,1.0,3.0,0.0,,,,,,
2082485,2622,6215.0,30:10,0.0,2016-06-03,,0.0,1.0,0.6666666666666667,30.0,10.0,5.0,0.0,,,,,,
5713620,760,2418.0,30:5,6.0,2016-06-04,,0.0,1.0,0.8333333333333334,30.0,5.0,6.0,1.0,,,,,,
4040042,760,2418.0,30:5,1.0,2016-06-12,,0.0,1.0,0.8333333333333334,30.0,5.0,7.0,1.0,,,,,,
1627061,760,2418.0,30:5,0.0,2016-06-02,,0.0,1.0,0.8333333333333334,30.0,5.0,4.0,0.0,,,,,,
1301429,7745,8197.0,20:1,-1.0,2016-06-01,,0.0,1.0,0.95,20.0,1.0,3.0,0.0,,,,,,
5480148,6212,4746.0,30:5,-1.0,2016-06-09,,0.0,1.0,0.8333333333333334,30.0,5.0,4.0,0.0,,,,,,
5480148,6212,4746.0,30:5,-1.0,2016-06-10,,0.0,1.0,0.8333333333333334,30.0,5.0,5.0,0.0,,,,,,
5480148,3903,2100.0,30:5,-1.0,2016-06-04,,0.0,1.0,0.8333333333333334,30.0,5.0,6.0,1.0,,,,,,
4432596,8422,1069.0,50:5,1.0,2016-06-09,,0.0,1.0,0.9,50.0,5.0,4.0,0.0,,,,,,
1177013,5179,3558.0,30:1,0.0,2016-06-12,,0.0,1.0,0.9666666666666667,30.0,1.0,7.0,1.0,,,,,,
4189034,6901,1097.0,50:10,0.0,2016-06-01,,0.0,1.0,0.8,50.0,10.0,3.0,0.0,,,,,,
2884970,5363,5810.0,30:5,2.0,2016-06-12,,0.0,1.0,0.8333333333333334,30.0,5.0,7.0,1.0,,,,,,
1968053,3621,4823.0,20:5,1.0,2016-06-08,,0.0,1.0,0.75,20.0,5.0,3.0,0.0,,,,,,
2034101,7483,12591.0,20:5,0.0,2016-06-15,,0.0,1.0,0.75,20.0,5.0,3.0,0.0,,,,,,
3546986,3621,13398.0,0.9,0.0,2016-06-06,,0.0,2.0,0.9,-1.0,-1.0,1.0,0.0,,,,,,
3546986,3621,4823.0,20:5,0.0,2016-06-08,,0.0,1.0,0.75,20.0,5.0,3.0,0.0,,,,,,
3546986,760,2418.0,30:5,0.0,2016-06-15,,0.0,1.0,0.8333333333333334,30.0,5.0,3.0,0.0,,,,,,
2239850,760,2418.0,30:5,1.0,2016-06-11,,0.0,1.0,0.8333333333333334,30.0,5.0,6.0,1.0,,,,,,
6582996,4272,6764.0,20:1,10.0,2016-06-10,,0.0,1.0,0.95,20.0,1.0,5.0,0.0,,,,,,
3424106,3673,3543.0,20:1,0.0,2016-06-13,,0.0,1.0,0.95,20.0,1.0,1.0,0.0,,,,,,
3296618,7672,7024.0,30:10,-1.0,2016-06-14,,0.0,1.0,0.6666666666666667,30.0,10.0,2.0,0.0,,,,,,
5283540,760,2418.0,30:5,1.0,2016-06-13,,0.0,1.0,0.8333333333333334,30.0,5.0,1.0,0.0,,,,,,
4503252,760,2418.0,30:5,4.0,2016-06-02,,0.0,1.0,0.8333333333333334,30.0,5.0,4.0,0.0,,,,,,
5046996,4793,1310.0,20:1,0.0,2016-06-06,,0.0,1.0,0.95,20.0,1.0,1.0,0.0,,,,,,
5833428,760,2418.0,30:5,0.0,2016-06-10,,0.0,1.0,0.8333333333333334,30.0,5.0,5.0,0.0,,,,,,
4098410,3621,4823.0,20:5,0.0,2016-06-07,2016-06-22,1.0,1.0,0.75,20.0,5.0,2.0,0.0,,,,,,
3580778,3621,4033.0,20:5,3.0,2016-06-13,,0.0,1.0,0.75,20.0,5.0,1.0,0.0,,,,,,
3975530,1839,10962.0,100:10,4.0,2016-06-09,,0.0,1.0,0.9,100.0,10.0,4.0,0.0,,,,,,
3451754,5032,13203.0,30:10,1.0,2016-06-13,,0.0,1.0,0.6666666666666667,30.0,10.0,1.0,0.0,,,,,,
1732277,3621,4823.0,20:5,0.0,2016-06-05,,0.0,1.0,0.75,20.0,5.0,7.0,1.0,,,,,,
3072362,760,2418.0,30:5,-1.0,2016-06-01,,0.0,1.0,0.8333333333333334,30.0,5.0,3.0,0.0,,,,,,
1340597,760,2418.0,30:5,0.0,2016-06-03,,0.0,1.0,0.8333333333333334,30.0,5.0,5.0,0.0,,,,,,
1275317,760,2418.0,30:5,3.0,2016-06-06,,0.0,1.0,0.8333333333333334,30.0,5.0,1.0,0.0,,,,,,
3603818,8037,616.0,0.8,10.0,2016-06-07,2016-06-09,1.0,2.0,0.8,-1.0,-1.0,2.0,0.0,,,,,,
1934006,760,2418.0,30:5,0.0,2016-06-10,,0.0,1.0,0.8333333333333334,30.0,5.0,5.0,0.0,,,,,,
4855512,760,2418.0,30:5,0.0,2016-06-01,,0.0,1.0,0.8333333333333334,30.0,5.0,3.0,0.0,,,,,,
3477356,2420,10883.0,100:30,-1.0,2016-06-13,,0.0,1.0,0.7,100.0,30.0,1.0,0.0,,,,,,
1805750,760,2418.0,30:5,1.0,2016-06-10,,0.0,1.0,0.8333333333333334,30.0,5.0,5.0,0.0,,,,,,
2173292,3621,4823.0,20:5,0.0,2016-06-05,,0.0,1.0,0.75,20.0,5.0,7.0,1.0,,,,,,
674523,8386,4283.0,100:20,1.0,2016-06-03,,0.0,1.0,0.8,100.0,20.0,5.0,0.0,,,,,,
674523,8144,11344.0,20:1,0.0,2016-06-14,,0.0,1.0,0.95,20.0,1.0,2.0,0.0,,,,,,
707547,2652,1024.0,200:20,1.0,2016-06-02,,0.0,1.0,0.9,200.0,20.0,4.0,0.0,,,,,,
2176364,196,10790.0,50:20,0.0,2016-06-08,,0.0,1.0,0.6,50.0,20.0,3.0,0.0,,,,,,
839259,760,2418.0,30:5,0.0,2016-06-10,,0.0,1.0,0.8333333333333334,30.0,5.0,5.0,0.0,,,,,,
5939928,760,2418.0,30:5,0.0,2016-06-02,,0.0,1.0,0.8333333333333334,30.0,5.0,4.0,0.0,,,,,,
709851,3621,4823.0,20:5,0.0,2016-06-02,,0.0,1.0,0.75,20.0,5.0,4.0,0.0,,,,,,
1289654,3621,4823.0,20:5,7.0,2016-06-03,,0.0,1.0,0.75,20.0,5.0,5.0,0.0,,,,,,
1486262,1469,11848.0,100:20,-1.0,2016-06-09,,0.0,1.0,0.8,100.0,20.0,4.0,0.0,,,,,,
2076854,4713,8932.0,50:5,10.0,2016-06-03,,0.0,1.0,0.9,50.0,5.0,5.0,0.0,,,,,,
2076854,4713,8932.0,50:5,10.0,2016-06-04,,0.0,1.0,0.9,50.0,5.0,6.0,1.0,,,,,,
2842988,760,2418.0,30:5,1.0,2016-06-06,,0.0,1.0,0.8333333333333334,30.0,5.0,1.0,0.0,,,,,,
5168856,8808,5019.0,50:5,0.0,2016-06-15,,0.0,1.0,0.9,50.0,5.0,3.0,0.0,,,,,,
679131,4387,11188.0,20:1,0.0,2016-06-13,2016-06-30,0.0,1.0,0.95,20.0,1.0,1.0,0.0,,,,,,
5171928,760,2418.0,30:5,2.0,2016-06-01,,0.0,1.0,0.8333333333333334,30.0,5.0,3.0,0.0,,,,,,
2982764,6575,11013.0,20:1,0.0,2016-06-08,,0.0,1.0,0.95,20.0,1.0,3.0,0.0,,,,,,
2723180,3847,1222.0,20:1,0.0,2016-06-05,,0.0,1.0,0.95,20.0,1.0,7.0,1.0,,,,,,
6757080,3621,4823.0,20:5,0.0,2016-06-03,,0.0,1.0,0.75,20.0,5.0,5.0,0.0,,,,,,
3248492,4666,6604.0,100:10,7.0,2016-06-02,,0.0,1.0,0.9,100.0,10.0,4.0,0.0,,,,,,
714459,3621,4823.0,20:5,5.0,2016-06-03,,0.0,1.0,0.75,20.0,5.0,5.0,0.0,,,,,,
714459,3621,4033.0,20:5,5.0,2016-06-15,,0.0,1.0,0.75,20.0,5.0,3.0,0.0,,,,,,
6517464,5183,2750.0,100:20,10.0,2016-06-01,,0.0,1.0,0.8,100.0,20.0,3.0,0.0,,,,,,
6517464,5183,6056.0,100:20,10.0,2016-06-01,,0.0,1.0,0.8,100.0,20.0,3.0,0.0,,,,,,
585435,760,2418.0,30:5,0.0,2016-06-07,,0.0,1.0,0.8333333333333334,30.0,5.0,2.0,0.0,,,,,,
618459,2420,10883.0,100:30,-1.0,2016-06-13,,0.0,1.0,0.7,100.0,30.0,1.0,0.0,,,,,,
6001368,3621,4823.0,20:5,0.0,2016-06-08,,0.0,1.0,0.75,20.0,5.0,3.0,0.0,,,,,,
6001368,760,2418.0,30:5,10.0,2016-06-01,,0.0,1.0,0.8333333333333334,30.0,5.0,3.0,0.0,,,,,,
3919724,3621,4823.0,20:5,1.0,2016-06-14,,0.0,1.0,0.75,20.0,5.0,2.0,0.0,,,,,,
3266924,3621,4823.0,20:5,1.0,2016-06-13,,0.0,1.0,0.75,20.0,5.0,1.0,0.0,,,,,,
1176758,760,2418.0,30:5,0.0,2016-06-15,,0.0,1.0,0.8333333333333334,30.0,5.0,3.0,0.0,,,,,,
4061036,760,2418.0,30:5,1.0,2016-06-07,,0.0,1.0,0.8333333333333334,30.0,5.0,2.0,0.0,,,,,,
6287064,8022,8461.0,20:1,0.0,2016-06-02,2016-06-03,1.0,1.0,0.95,20.0,1.0,4.0,0.0,,,,,,
6287064,8022,8847.0,20:1,0.0,2016-06-03,,0.0,1.0,0.95,20.0,1.0,5.0,0.0,,,,,,
6287064,8022,4700.0,20:1,0.0,2016-06-12,,0.0,1.0,0.95,20.0,1.0,7.0,1.0,,,,,,
6287064,8022,929.0,20:1,0.0,2016-06-04,,0.0,1.0,0.95,20.0,1.0,6.0,1.0,,,,,,
3016556,760,2418.0,30:5,4.0,2016-06-05,,0.0,1.0,0.8333333333333334,30.0,5.0,7.0,1.0,,,,,,
1705142,760,2418.0,30:5,1.0,2016-06-13,,0.0,1.0,0.8333333333333334,30.0,5.0,1.0,0.0,,,,,,
7091928,629,10561.0,30:10,2.0,2016-06-01,,0.0,1.0,0.6666666666666667,30.0,10.0,3.0,0.0,,,,,,
1445558,1469,7430.0,50:20,0.0,2016-06-08,,0.0,1.0,0.6,50.0,20.0,3.0,0.0,,,,,,
1838774,760,2418.0,30:5,1.0,2016-06-11,,0.0,1.0,0.8333333333333334,30.0,5.0,6.0,1.0,,,,,,
4216536,760,2418.0,30:5,1.0,2016-06-05,,0.0,1.0,0.8333333333333334,30.0,5.0,7.0,1.0,,,,,,
4489944,7422,4727.0,0.8,6.0,2016-06-09,2016-06-09,1.0,2.0,0.8,-1.0,-1.0,4.0,0.0,,,,,,
660315,3621,4823.0,20:5,0.0,2016-06-12,,0.0,1.0,0.75,20.0,5.0,7.0,1.0,,,,,,
1845686,760,2418.0,30:5,0.0,2016-06-10,,0.0,1.0,0.8333333333333334,30.0,5.0,5.0,0.0,,,,,,
1649846,4579,10055.0,10:1,0.0,2016-06-03,,0.0,1.0,0.9,10.0,1.0,5.0,0.0,,,,,,
5813976,5032,13203.0,30:10,0.0,2016-06-13,,0.0,1.0,0.6666666666666667,30.0,10.0,1.0,0.0,,,,,,
6873816,3621,4823.0,20:5,0.0,2016-06-12,,0.0,1.0,0.75,20.0,5.0,7.0,1.0,,,,,,
6873816,760,2418.0,30:5,6.0,2016-06-12,,0.0,1.0,0.8333333333333334,30.0,5.0,7.0,1.0,,,,,,
3048812,760,2418.0,30:5,1.0,2016-06-11,,0.0,1.0,0.8333333333333334,30.0,5.0,6.0,1.0,,,,,,
828507,7347,10267.0,100:10,10.0,2016-06-03,,0.0,1.0,0.9,100.0,10.0,5.0,0.0,,,,,,
2667884,8384,5464.0,30:1,0.0,2016-06-03,,0.0,1.0,0.9666666666666667,30.0,1.0,5.0,0.0,,,,,,
2667884,4579,10055.0,10:1,0.0,2016-06-03,,0.0,1.0,0.9,10.0,1.0,5.0,0.0,,,,,,
1400246,2436,12462.0,20:5,-1.0,2016-06-05,,0.0,1.0,0.75,20.0,5.0,7.0,1.0,,,,,,
1793462,2436,12462.0,20:5,10.0,2016-06-03,,0.0,1.0,0.75,20.0,5.0,5.0,0.0,,,,,,
2803052,760,2418.0,30:5,1.0,2016-06-09,,0.0,1.0,0.8333333333333334,30.0,5.0,4.0,0.0,,,,,,
1274294,760,2418.0,30:5,0.0,2016-06-07,,0.0,1.0,0.8333333333333334,30.0,5.0,2.0,0.0,,,,,,
1274294,450,1613.0,30:5,1.0,2016-06-15,,0.0,1.0,0.8333333333333334,30.0,5.0,3.0,0.0,,,,,,
6671064,7374,10298.0,50:20,1.0,2016-06-10,,0.0,1.0,0.6,50.0,20.0,5.0,0.0,,,,,,
1930166,2436,3992.0,30:5,1.0,2016-06-15,,0.0,1.0,0.8333333333333334,30.0,5.0,3.0,0.0,,,,,,
3729260,760,2418.0,30:5,1.0,2016-06-11,,0.0,1.0,0.8333333333333334,30.0,5.0,6.0,1.0,,,,,,
5623512,760,2418.0,30:5,3.0,2016-06-05,,0.0,1.0,0.8333333333333334,30.0,5.0,7.0,1.0,,,,,,
6413016,450,1613.0,30:5,0.0,2016-06-07,,0.0,1.0,0.8333333333333334,30.0,5.0,2.0,0.0,,,,,,
4582104,7024,9144.0,10:1,0.0,2016-06-15,,0.0,1.0,0.9,10.0,1.0,3.0,0.0,,,,,,
3077996,96,5588.0,20:1,0.0,2016-06-15,,0.0,1.0,0.95,20.0,1.0,3.0,0.0,,,,,,
3077996,96,2317.0,20:1,0.0,2016-06-04,,0.0,1.0,0.95,20.0,1.0,6.0,1.0,,,,,,
3077996,96,5588.0,20:1,0.0,2016-06-04,,0.0,1.0,0.95,20.0,1.0,6.0,1.0,,,,,,
3077996,96,5588.0,20:1,0.0,2016-06-10,,0.0,1.0,0.95,20.0,1.0,5.0,0.0,,,,,,
2293100,450,1613.0,30:5,3.0,2016-06-08,,0.0,1.0,0.8333333333333334,30.0,5.0,3.0,0.0,,,,,,
2293100,760,2418.0,30:5,1.0,2016-06-06,,0.0,1.0,0.8333333333333334,30.0,5.0,1.0,0.0,,,,,,
4138862,450,1613.0,30:5,1.0,2016-06-11,,0.0,1.0,0.8333333333333334,30.0,5.0,6.0,1.0,,,,,,
1546679,2420,10883.0,100:30,7.0,2016-06-13,,0.0,1.0,0.7,100.0,30.0,1.0,0.0,,,,,,
1546679,2622,6215.0,30:10,0.0,2016-06-03,,0.0,1.0,0.6666666666666667,30.0,10.0,5.0,0.0,,,,,,
3094382,7113,1633.0,50:10,2.0,2016-06-13,,0.0,1.0,0.8,50.0,10.0,1.0,0.0,,,,,,
6467292,450,1613.0,30:5,0.0,2016-06-14,,0.0,1.0,0.8333333333333334,30.0,5.0,2.0,0.0,,,,,,
3366254,760,2418.0,30:5,0.0,2016-06-02,,0.0,1.0,0.8333333333333334,30.0,5.0,4.0,0.0,,,,,,
6215388,7717,13423.0,20:1,0.0,2016-06-05,2016-06-09,1.0,1.0,0.95,20.0,1.0,7.0,1.0,,,,,,
6215388,760,2418.0,30:5,1.0,2016-06-01,,0.0,1.0,0.8333333333333334,30.0,5.0,3.0,0.0,,,,,,
6215388,7717,13423.0,20:1,0.0,2016-06-09,,0.0,1.0,0.95,20.0,1.0,4.0,0.0,,,,,,
3903854,2622,6215.0,30:10,1.0,2016-06-03,,0.0,1.0,0.6666666666666667,30.0,10.0,5.0,0.0,,,,,,
2463086,1345,11918.0,30:1,4.0,2016-06-12,,0.0,1.0,0.9666666666666667,30.0,1.0,7.0,1.0,,,,,,
1625015,3939,4752.0,100:5,5.0,2016-06-03,,0.0,1.0,0.95,100.0,5.0,5.0,0.0,,,,,,
4931292,450,1613.0,30:5,7.0,2016-06-03,,0.0,1.0,0.8333333333333334,30.0,5.0,5.0,0.0,,,,,,
2337134,3621,4033.0,20:5,0.0,2016-06-07,,0.0,1.0,0.75,20.0,5.0,2.0,0.0,,,,,,
1956023,3621,4823.0,20:5,3.0,2016-06-06,,0.0,1.0,0.75,20.0,5.0,1.0,0.0,,,,,,
1956791,760,2418.0,30:5,0.0,2016-06-13,,0.0,1.0,0.8333333333333334,30.0,5.0,1.0,0.0,,,,,,
4697820,760,2418.0,30:5,0.0,2016-06-05,,0.0,1.0,0.8333333333333334,30.0,5.0,7.0,1.0,,,,,,
6820572,760,2418.0,30:5,1.0,2016-06-09,,0.0,1.0,0.8333333333333334,30.0,5.0,4.0,0.0,,,,,,
6820572,5270,5693.0,50:5,-1.0,2016-06-04,,0.0,1.0,0.9,50.0,5.0,6.0,1.0,,,,,,
2495342,760,2418.0,30:5,0.0,2016-06-02,2016-06-21,0.0,1.0,0.8333333333333334,30.0,5.0,4.0,0.0,,,,,,
6307548,3621,4823.0,20:5,0.0,2016-06-03,,0.0,1.0,0.75,20.0,5.0,5.0,0.0,,,,,,
1908407,760,2418.0,30:5,0.0,2016-06-09,,0.0,1.0,0.8333333333333334,30.0,5.0,4.0,0.0,,,,,,
1124279,7717,3563.0,20:1,2.0,2016-06-11,,0.0,1.0,0.95,20.0,1.0,6.0,1.0,,,,,,
5287644,7884,53.0,30:5,5.0,2016-06-04,,0.0,1.0,0.8333333333333334,30.0,5.0,6.0,1.0,,,,,,
1191863,760,2418.0,30:5,1.0,2016-06-01,,0.0,1.0,0.8333333333333334,30.0,5.0,3.0,0.0,,,,,,
6347484,3935,11153.0,10:1,0.0,2016-06-12,,0.0,1.0,0.9,10.0,1.0,7.0,1.0,,,,,,
1390775,5106,6772.0,100:20,10.0,2016-06-09,,0.0,1.0,0.8,100.0,20.0,4.0,0.0,,,,,,
3699566,2436,3992.0,30:5,-1.0,2016-06-04,,0.0,1.0,0.8333333333333334,30.0,5.0,6.0,1.0,,,,,,
4095854,797,9362.0,30:5,0.0,2016-06-11,,0.0,1.0,0.8333333333333334,30.0,5.0,6.0,1.0,,,,,,
3572078,450,1613.0,30:5,2.0,2016-06-09,,0.0,1.0,0.8333333333333334,30.0,5.0,4.0,0.0,,,,,,
2137454,5032,13203.0,30:10,9.0,2016-06-13,,0.0,1.0,0.6666666666666667,30.0,10.0,1.0,0.0,,,,,,
5849820,760,2418.0,30:5,10.0,2016-06-01,,0.0,1.0,0.8333333333333334,30.0,5.0,3.0,0.0,,,,,,
6636252,3621,4823.0,20:5,0.0,2016-06-12,,0.0,1.0,0.75,20.0,5.0,7.0,1.0,,,,,,
1331639,3621,4823.0,20:5,0.0,2016-06-01,,0.0,1.0,0.75,20.0,5.0,3.0,0.0,,,,,,
5597916,760,2418.0,30:5,0.0,2016-06-05,,0.0,1.0,0.8333333333333334,30.0,5.0,7.0,1.0,,,,,,
1598135,3621,4823.0,20:5,0.0,2016-06-07,,0.0,1.0,0.75,20.0,5.0,2.0,0.0,,,,,,
1730999,450,1613.0,30:5,2.0,2016-06-10,,0.0,1.0,0.8333333333333334,30.0,5.0,5.0,0.0,,,,,,
4304604,760,2418.0,30:5,0.0,2016-06-08,,0.0,1.0,0.8333333333333334,30.0,5.0,3.0,0.0,,,,,,
6663900,760,2418.0,30:5,0.0,2016-06-08,,0.0,1.0,0.8333333333333334,30.0,5.0,3.0,0.0,,,,,,
6663900,3621,4823.0,20:5,0.0,2016-06-08,,0.0,1.0,0.75,20.0,5.0,3.0,0.0,,,,,,
3466094,450,1613.0,30:5,2.0,2016-06-05,,0.0,1.0,0.8333333333333334,30.0,5.0,7.0,1.0,,,,,,
3859310,3621,4823.0,20:5,1.0,2016-06-04,,0.0,1.0,0.75,20.0,5.0,6.0,1.0,,,,,,
3859310,760,2418.0,30:5,4.0,2016-06-04,,0.0,1.0,0.8333333333333334,30.0,5.0,6.0,1.0,,,,,,
2157422,4675,4412.0,30:5,0.0,2016-06-03,,0.0,1.0,0.8333333333333334,30.0,5.0,5.0,0.0,,,,,,
5114592,760,2418.0,30:5,0.0,2016-06-12,,0.0,1.0,0.8333333333333334,30.0,5.0,7.0,1.0,,,,,,
484078,2177,3872.0,30:1,0.0,2016-06-13,,0.0,1.0,0.9666666666666667,30.0,1.0,1.0,0.0,,,,,,
1084856,1812,8970.0,100:20,1.0,2016-06-05,,0.0,1.0,0.8,100.0,20.0,7.0,1.0,,,,,,
468142,760,2418.0,30:5,0.0,2016-06-08,,0.0,1.0,0.8333333333333334,30.0,5.0,3.0,0.0,,,,,,
3221360,760,2418.0,30:5,0.0,2016-06-09,,0.0,1.0,0.8333333333333334,30.0,5.0,4.0,0.0,,,,,,
4012400,760,2418.0,30:5,0.0,2016-06-14,,0.0,1.0,0.8333333333333334,30.0,5.0,2.0,0.0,,,,,,
1680056,2436,3992.0,30:5,0.0,2016-06-11,,0.0,1.0,0.8333333333333334,30.0,5.0,6.0,1.0,,,,,,
2705264,8265,8878.0,20:5,0.0,2016-06-05,,0.0,1.0,0.75,20.0,5.0,7.0,1.0,,,,,,
518446,7974,4374.0,30:5,0.0,2016-06-09,,0.0,1.0,0.8333333333333334,30.0,5.0,4.0,0.0,,,,,,
3754352,6189,12807.0,30:1,0.0,2016-06-14,,0.0,1.0,0.9666666666666667,30.0,1.0,2.0,0.0,,,,,,
3894128,2622,6215.0,30:10,0.0,2016-06-03,,0.0,1.0,0.6666666666666667,30.0,10.0,5.0,0.0,,,,,,
3894128,8761,29.0,20:1,6.0,2016-06-15,,0.0,1.0,0.95,20.0,1.0,3.0,0.0,,,,,,
5169888,6186,11461.0,20:5,0.0,2016-06-06,,0.0,1.0,0.75,20.0,5.0,1.0,0.0,,,,,,
5169888,1598,9991.0,100:5,1.0,2016-06-10,,0.0,1.0,0.95,100.0,5.0,5.0,0.0,,,,,,
1039836,8020,2529.0,200:10,1.0,2016-06-10,,0.0,1.0,0.95,200.0,10.0,5.0,0.0,,,,,,
1039836,3939,4752.0,100:5,1.0,2016-06-05,,0.0,1.0,0.95,100.0,5.0,7.0,1.0,,,,,,
356206,3621,4823.0,20:5,0.0,2016-06-02,,0.0,1.0,0.75,20.0,5.0,4.0,0.0,,,,,,
356206,3621,4033.0,20:5,0.0,2016-06-10,,0.0,1.0,0.75,20.0,5.0,5.0,0.0,,,,,,
2456432,7011,5092.0,10:5,0.0,2016-06-04,,0.0,1.0,0.5,10.0,5.0,6.0,1.0,,,,,,
471022,3621,4823.0,20:5,2.0,2016-06-02,,0.0,1.0,0.75,20.0,5.0,4.0,0.0,,,,,,
1008348,760,2418.0,30:5,0.0,2016-06-06,,0.0,1.0,0.8333333333333334,30.0,5.0,1.0,0.0,,,,,,
1008348,450,1613.0,30:5,2.0,2016-06-02,2016-06-30,0.0,1.0,0.8333333333333334,30.0,5.0,4.0,0.0,,,,,,
2984816,760,2418.0,30:5,0.0,2016-06-13,,0.0,1.0,0.8333333333333334,30.0,5.0,1.0,0.0,,,,,,
779100,3621,4823.0,20:5,-1.0,2016-06-09,,0.0,1.0,0.75,20.0,5.0,4.0,0.0,,,,,,
6764256,2389,4841.0,20:1,0.0,2016-06-08,,0.0,1.0,0.95,20.0,1.0,3.0,0.0,,,,,,
1756856,760,2418.0,30:5,1.0,2016-06-01,2016-06-13,1.0,1.0,0.8333333333333334,30.0,5.0,3.0,0.0,,,,,,
1756856,1494,8987.0,50:1,1.0,2016-06-02,,0.0,1.0,0.98,50.0,1.0,4.0,0.0,,,,,,
1628600,3621,4823.0,20:5,1.0,2016-06-01,,0.0,1.0,0.75,20.0,5.0,3.0,0.0,,,,,,
3126128,760,2418.0,30:5,10.0,2016-06-02,,0.0,1.0,0.8333333333333334,30.0,5.0,4.0,0.0,,,,,,
2735984,760,2418.0,30:5,1.0,2016-06-09,,0.0,1.0,0.8333333333333334,30.0,5.0,4.0,0.0,,,,,,
154711,760,2418.0,30:5,0.0,2016-06-04,2016-06-09,1.0,1.0,0.8333333333333334,30.0,5.0,6.0,1.0,,,,,,
220279,1290,9629.0,100:10,2.0,2016-06-13,,0.0,1.0,0.9,100.0,10.0,1.0,0.0,,,,,,
685020,2436,3992.0,30:5,-1.0,2016-06-05,,0.0,1.0,0.8333333333333334,30.0,5.0,7.0,1.0,,,,,,
2348912,1011,5562.0,30:5,-1.0,2016-06-04,,0.0,1.0,0.8333333333333334,30.0,5.0,6.0,1.0,,,,,,
3660656,760,2418.0,30:5,0.0,2016-06-07,,0.0,1.0,0.8333333333333334,30.0,5.0,2.0,0.0,,,,,,
253399,2532,3886.0,30:5,1.0,2016-06-11,,0.0,1.0,0.8333333333333334,30.0,5.0,6.0,1.0,,,,,,
4964064,3621,4823.0,20:5,-1.0,2016-06-03,,0.0,1.0,0.75,20.0,5.0,5.0,0.0,,,,,,
1372856,2709,9919.0,0.95,-1.0,2016-06-08,,0.0,2.0,0.95,-1.0,-1.0,3.0,0.0,,,,,,
3007856,1469,11848.0,100:20,3.0,2016-06-04,,0.0,1.0,0.8,100.0,20.0,6.0,1.0,,,,,,
2484080,760,2418.0,30:5,4.0,2016-06-11,,0.0,1.0,0.8333333333333334,30.0,5.0,6.0,1.0,,,,,,
409006,1469,2601.0,100:20,2.0,2016-06-03,,0.0,1.0,0.8,100.0,20.0,5.0,0.0,,,,,,
409006,1469,11848.0,100:20,2.0,2016-06-03,,0.0,1.0,0.8,100.0,20.0,5.0,0.0,,,,,,
4712160,2420,10883.0,100:30,1.0,2016-06-13,,0.0,1.0,0.7,100.0,30.0,1.0,0.0,,,,,,
1441208,638,13522.0,100:10,0.0,2016-06-02,,0.0,1.0,0.9,100.0,10.0,4.0,0.0,,,,,,
163927,2436,3992.0,30:5,-1.0,2016-06-06,,0.0,1.0,0.8333333333333334,30.0,5.0,1.0,0.0,,,,,,
1835960,450,1613.0,30:5,1.0,2016-06-05,,0.0,1.0,0.8333333333333334,30.0,5.0,7.0,1.0,,,,,,
3147632,3291,3894.0,30:5,10.0,2016-06-06,2016-06-14,1.0,1.0,0.8333333333333334,30.0,5.0,1.0,0.0,,,,,,
3147632,3291,3894.0,30:5,10.0,2016-06-05,2016-06-06,1.0,1.0,0.8333333333333334,30.0,5.0,7.0,1.0,,,,,,
1378232,760,2418.0,30:5,3.0,2016-06-02,,0.0,1.0,0.8333333333333334,30.0,5.0,4.0,0.0,,,,,,
526044,760,2418.0,30:5,0.0,2016-06-14,,0.0,1.0,0.8333333333333334,30.0,5.0,2.0,0.0,,,,,,
508846,760,2418.0,30:5,4.0,2016-06-01,,0.0,1.0,0.8333333333333334,30.0,5.0,3.0,0.0,,,,,,
443374,1469,7430.0,50:20,10.0,2016-06-05,,0.0,1.0,0.6,50.0,20.0,7.0,1.0,,,,,,
1970360,3621,4033.0,20:5,10.0,2016-06-08,,0.0,1.0,0.75,20.0,5.0,3.0,0.0,,,,,,
394414,760,2418.0,30:5,3.0,2016-06-01,,0.0,1.0,0.8333333333333334,30.0,5.0,3.0,0.0,,,,,,
148183,1692,6939.0,20:1,0.0,2016-06-05,,0.0,1.0,0.95,20.0,1.0,7.0,1.0,,,,,,
626268,2436,3992.0,30:5,0.0,2016-06-09,,0.0,1.0,0.8333333333333334,30.0,5.0,4.0,0.0,,,,,,
3685232,7717,4751.0,20:1,10.0,2016-06-11,2016-06-18,1.0,1.0,0.95,20.0,1.0,6.0,1.0,,,,,,
562524,760,2418.0,30:5,0.0,2016-06-07,,0.0,1.0,0.8333333333333334,30.0,5.0,2.0,0.0,,,,,,
1911992,760,2418.0,30:5,1.0,2016-06-06,,0.0,1.0,0.8333333333333334,30.0,5.0,1.0,0.0,,,,,,
198199,760,2418.0,30:5,0.0,2016-06-13,,0.0,1.0,0.8333333333333334,30.0,5.0,1.0,0.0,,,,,,
6868704,2420,10883.0,100:30,0.0,2016-06-13,,0.0,1.0,0.7,100.0,30.0,1.0,0.0,,,,,,
924252,760,2418.0,30:5,1.0,2016-06-04,,0.0,1.0,0.8333333333333334,30.0,5.0,6.0,1.0,,,,,,
462190,7113,1633.0,50:10,9.0,2016-06-13,,0.0,1.0,0.8,50.0,10.0,1.0,0.0,,,,,,
860508,2050,3780.0,200:20,1.0,2016-06-13,,0.0,1.0,0.9,200.0,20.0,1.0,0.0,,,,,,
365038,7906,4557.0,100:20,1.0,2016-06-07,,0.0,1.0,0.8,100.0,20.0,2.0,0.0,,,,,,
414190,760,2418.0,30:5,0.0,2016-06-08,,0.0,1.0,0.8333333333333334,30.0,5.0,3.0,0.0,,,,,,
430702,7113,1633.0,50:10,-1.0,2016-06-13,,0.0,1.0,0.8,50.0,10.0,1.0,0.0,,,,,,
829404,7717,3563.0,20:1,3.0,2016-06-09,,0.0,1.0,0.95,20.0,1.0,4.0,0.0,,,,,,
158263,1469,11848.0,100:20,0.0,2016-06-07,,0.0,1.0,0.8,100.0,20.0,2.0,0.0,,,,,,
5590752,760,2418.0,30:5,0.0,2016-06-08,,0.0,1.0,0.8333333333333334,30.0,5.0,3.0,0.0,,,,,,
5590752,6901,2366.0,30:5,0.0,2016-06-08,,0.0,1.0,0.8333333333333334,30.0,5.0,3.0,0.0,,,,,,
5068512,760,2418.0,30:5,1.0,2016-06-04,,0.0,1.0,0.8333333333333334,30.0,5.0,6.0,1.0,,,,,,
207703,1469,2601.0,100:20,7.0,2016-06-01,,0.0,1.0,0.8,100.0,20.0,3.0,0.0,,,,,,
207703,1469,11848.0,100:20,7.0,2016-06-01,,0.0,1.0,0.8,100.0,20.0,3.0,0.0,,,,,,
1027932,760,2418.0,30:5,0.0,2016-06-06,,0.0,1.0,0.8333333333333334,30.0,5.0,1.0,0.0,,,,,,
1027932,7782,6508.0,10:1,8.0,2016-06-14,,0.0,1.0,0.9,10.0,1.0,2.0,0.0,,,,,,
5603040,6504,244.0,20:1,1.0,2016-06-02,,0.0,1.0,0.95,20.0,1.0,4.0,0.0,,,,,,
5603040,6504,7542.0,30:1,1.0,2016-06-02,2016-06-02,1.0,1.0,0.9666666666666667,30.0,1.0,4.0,0.0,,,,,,
448558,2164,6795.0,10:1,1.0,2016-06-07,,0.0,1.0,0.9,10.0,1.0,2.0,0.0,,,,,,
2410352,2420,10883.0,100:30,3.0,2016-06-13,,0.0,1.0,0.7,100.0,30.0,1.0,0.0,,,,,,
537180,450,1613.0,30:5,2.0,2016-06-07,,0.0,1.0,0.8333333333333334,30.0,5.0,2.0,0.0,,,,,,
1271480,3621,4823.0,20:5,2.0,2016-06-07,,0.0,1.0,0.75,20.0,5.0,2.0,0.0,,,,,,
1271480,760,2418.0,30:5,0.0,2016-06-06,,0.0,1.0,0.8333333333333334,30.0,5.0,1.0,0.0,,,,,,
383854,2050,3780.0,200:20,1.0,2016-06-11,,0.0,1.0,0.9,200.0,20.0,6.0,1.0,,,,,,
964956,760,2418.0,30:5,0.0,2016-06-11,,0.0,1.0,0.8333333333333334,30.0,5.0,6.0,1.0,,,,,,
3073904,760,2418.0,30:5,1.0,2016-06-06,,0.0,1.0,0.8333333333333334,30.0,5.0,1.0,0.0,,,,,,
1733816,2783,10885.0,20:1,0.0,2016-06-09,,0.0,1.0,0.95,20.0,1.0,4.0,0.0,,,,,,
5894880,7717,4751.0,20:1,5.0,2016-06-03,,0.0,1.0,0.95,20.0,1.0,5.0,0.0,,,,,,
5894880,7717,3563.0,20:1,5.0,2016-06-04,,0.0,1.0,0.95,20.0,1.0,6.0,1.0,,,,,,
6956772,3621,4823.0,20:5,10.0,2016-06-06,,0.0,1.0,0.75,20.0,5.0,1.0,0.0,,,,,,
1351097,450,1613.0,30:5,7.0,2016-06-02,,0.0,1.0,0.8333333333333334,30.0,5.0,4.0,0.0,,,,,,
1288121,1469,2601.0,100:20,0.0,2016-06-08,,0.0,1.0,0.8,100.0,20.0,3.0,0.0,,,,,,
3627890,755,7708.0,100:20,0.0,2016-06-03,,0.0,1.0,0.8,100.0,20.0,5.0,0.0,,,,,,
3627890,7910,11685.0,10:5,0.0,2016-06-06,2016-06-11,1.0,1.0,0.5,10.0,5.0,1.0,0.0,,,,,,
5684964,4666,6604.0,100:10,-1.0,2016-06-02,,0.0,1.0,0.9,100.0,10.0,4.0,0.0,,,,,,
3498866,7354,2002.0,50:5,0.0,2016-06-07,,0.0,1.0,0.9,50.0,5.0,2.0,0.0,,,,,,
1816505,760,2418.0,30:5,1.0,2016-06-09,,0.0,1.0,0.8333333333333334,30.0,5.0,4.0,0.0,,,,,,
1816505,450,9757.0,30:5,2.0,2016-06-02,,0.0,1.0,0.8333333333333334,30.0,5.0,4.0,0.0,,,,,,
6744804,3621,4823.0,20:5,0.0,2016-06-01,,0.0,1.0,0.75,20.0,5.0,3.0,0.0,,,,,,
4397796,7591,3829.0,50:5,1.0,2016-06-03,,0.0,1.0,0.9,50.0,5.0,5.0,0.0,,,,,,
1821113,2813,12418.0,30:5,1.0,2016-06-10,,0.0,1.0,0.8333333333333334,30.0,5.0,5.0,0.0,,,,,,
1821113,760,2418.0,30:5,1.0,2016-06-07,2016-06-13,1.0,1.0,0.8333333333333334,30.0,5.0,2.0,0.0,,,,,,
2210162,760,2418.0,30:5,1.0,2016-06-07,,0.0,1.0,0.8333333333333334,30.0,5.0,2.0,0.0,,,,,,
2089913,3621,4823.0,20:5,1.0,2016-06-09,,0.0,1.0,0.75,20.0,5.0,4.0,0.0,,,,,,
1768121,450,1613.0,30:5,0.0,2016-06-05,,0.0,1.0,0.8333333333333334,30.0,5.0,7.0,1.0,,,,,,
1508537,7903,8137.0,20:1,0.0,2016-06-15,,0.0,1.0,0.95,20.0,1.0,3.0,0.0,,,,,,
1639865,4220,3198.0,100:10,4.0,2016-06-09,,0.0,1.0,0.9,100.0,10.0,4.0,0.0,,,,,,
1639865,4220,3198.0,100:10,4.0,2016-06-06,2016-06-25,0.0,1.0,0.9,100.0,10.0,1.0,0.0,,,,,,
3018098,7717,9614.0,20:1,1.0,2016-06-05,,0.0,1.0,0.95,20.0,1.0,7.0,1.0,,,,,,
4219620,760,2418.0,30:5,3.0,2016-06-08,,0.0,1.0,0.8333333333333334,30.0,5.0,3.0,0.0,,,,,,
3291506,760,2418.0,30:5,0.0,2016-06-05,,0.0,1.0,0.8333333333333334,30.0,5.0,7.0,1.0,,,,,,
1648313,3621,4823.0,20:5,0.0,2016-06-02,,0.0,1.0,0.75,20.0,5.0,4.0,0.0,,,,,,
2518898,760,2418.0,30:5,0.0,2016-06-14,,0.0,1.0,0.8333333333333334,30.0,5.0,2.0,0.0,,,,,,
2784626,4282,5575.0,20:1,10.0,2016-06-13,,0.0,1.0,0.95,20.0,1.0,1.0,0.0,,,,,,
4100978,760,2418.0,30:5,0.0,2016-06-06,,0.0,1.0,0.8333333333333334,30.0,5.0,1.0,0.0,,,,,,
2795378,760,2418.0,30:5,10.0,2016-06-04,,0.0,1.0,0.8333333333333334,30.0,5.0,6.0,1.0,,,,,,
1332665,2714,13408.0,20:1,1.0,2016-06-08,,0.0,1.0,0.95,20.0,1.0,3.0,0.0,,,,,,
2669426,6901,1097.0,50:10,0.0,2016-06-03,,0.0,1.0,0.8,50.0,10.0,5.0,0.0,,,,,,
3718514,3672,5039.0,50:5,-1.0,2016-06-01,,0.0,1.0,0.9,50.0,5.0,3.0,0.0,,,,,,
4293348,3621,4823.0,20:5,2.0,2016-06-11,,0.0,1.0,0.75,20.0,5.0,6.0,1.0,,,,,,
6391524,1469,11848.0,100:20,6.0,2016-06-10,,0.0,1.0,0.8,100.0,20.0,5.0,0.0,,,,,,
3217268,3621,4823.0,20:5,0.0,2016-06-01,,0.0,1.0,0.75,20.0,5.0,3.0,0.0,,,,,,
607965,760,2418.0,30:5,2.0,2016-06-02,,0.0,1.0,0.8333333333333334,30.0,5.0,4.0,0.0,,,,,,
1806266,1469,7430.0,50:20,0.0,2016-06-15,,0.0,1.0,0.6,50.0,20.0,3.0,0.0,,,,,,
3088244,760,2418.0,30:5,0.0,2016-06-07,,0.0,1.0,0.8333333333333334,30.0,5.0,2.0,0.0,,,,,,
3880820,760,2418.0,30:5,1.0,2016-06-09,,0.0,1.0,0.8333333333333334,30.0,5.0,4.0,0.0,,,,,,
3357044,760,2418.0,30:5,0.0,2016-06-03,,0.0,1.0,0.8333333333333334,30.0,5.0,5.0,0.0,,,,,,
3095924,3917,5050.0,30:1,0.0,2016-06-02,,0.0,1.0,0.9666666666666667,30.0,1.0,4.0,0.0,,,,,,
675933,7717,4751.0,20:1,3.0,2016-06-13,2016-06-18,1.0,1.0,0.95,20.0,1.0,1.0,0.0,,,,,,
675933,7717,13423.0,20:1,3.0,2016-06-02,2016-06-05,1.0,1.0,0.95,20.0,1.0,4.0,0.0,,,,,,
675933,7717,13423.0,20:1,3.0,2016-06-05,2016-06-07,1.0,1.0,0.95,20.0,1.0,7.0,1.0,,,,,,
675933,7717,13423.0,20:1,3.0,2016-06-07,2016-06-13,1.0,1.0,0.95,20.0,1.0,2.0,0.0,,,,,,
5146344,1469,11848.0,100:20,0.0,2016-06-09,,0.0,1.0,0.8,100.0,20.0,4.0,0.0,,,,,,
807261,450,1613.0,30:5,6.0,2016-06-14,,0.0,1.0,0.8333333333333334,30.0,5.0,2.0,0.0,,,,,,
5413608,760,2418.0,30:5,-1.0,2016-06-01,,0.0,1.0,0.8333333333333334,30.0,5.0,3.0,0.0,,,,,,
4149620,760,2418.0,30:5,0.0,2016-06-08,,0.0,1.0,0.8333333333333334,30.0,5.0,3.0,0.0,,,,,,
2713460,760,2418.0,30:5,0.0,2016-06-08,,0.0,1.0,0.8333333333333334,30.0,5.0,3.0,0.0,,,,,,
678621,7717,9614.0,20:1,0.0,2016-06-01,,0.0,1.0,0.95,20.0,1.0,3.0,0.0,,,,,,
1096634,450,1613.0,30:5,1.0,2016-06-14,,0.0,1.0,0.8333333333333334,30.0,5.0,2.0,0.0,,,,,,
4031348,7910,11685.0,10:5,-1.0,2016-06-06,,0.0,1.0,0.5,10.0,5.0,1.0,0.0,,,,,,
1688762,450,1613.0,30:5,3.0,2016-06-07,,0.0,1.0,0.8333333333333334,30.0,5.0,2.0,0.0,,,,,,
583389,760,2418.0,30:5,7.0,2016-06-05,,0.0,1.0,0.8333333333333334,30.0,5.0,7.0,1.0,,,,,,
2464628,760,2418.0,30:5,0.0,2016-06-01,,0.0,1.0,0.8333333333333334,30.0,5.0,3.0,0.0,,,,,,
1692602,7137,10542.0,100:10,-1.0,2016-06-10,,0.0,1.0,0.9,100.0,10.0,5.0,0.0,,,,,,
1890746,4830,961.0,30:1,0.0,2016-06-02,,0.0,1.0,0.9666666666666667,30.0,1.0,4.0,0.0,,,,,,
3257204,760,2418.0,30:5,3.0,2016-06-11,,0.0,1.0,0.8333333333333334,30.0,5.0,6.0,1.0,,,,,,
683997,760,2418.0,30:5,10.0,2016-06-01,,0.0,1.0,0.8333333333333334,30.0,5.0,3.0,0.0,,,,,,
6258408,760,2418.0,30:5,6.0,2016-06-02,,0.0,1.0,0.8333333333333334,30.0,5.0,4.0,0.0,,,,,,
3261812,760,2418.0,30:5,0.0,2016-06-09,2016-06-30,0.0,1.0,0.8333333333333334,30.0,5.0,4.0,0.0,,,,,,
881757,760,2418.0,30:5,-1.0,2016-06-05,,0.0,1.0,0.8333333333333334,30.0,5.0,7.0,1.0,,,,,,
1963706,7422,4727.0,0.8,3.0,2016-06-05,,0.0,2.0,0.8,-1.0,-1.0,7.0,1.0,,,,,,
2099060,760,2418.0,30:5,0.0,2016-06-06,,0.0,1.0,0.8333333333333334,30.0,5.0,1.0,0.0,,,,,,
1902266,760,2418.0,30:5,1.0,2016-06-03,,0.0,1.0,0.8333333333333334,30.0,5.0,5.0,0.0,,,,,,
1902266,450,1613.0,30:5,4.0,2016-06-05,,0.0,1.0,0.8333333333333334,30.0,5.0,7.0,1.0,,,,,,
6298344,2622,6215.0,30:10,1.0,2016-06-03,,0.0,1.0,0.6666666666666667,30.0,10.0,5.0,0.0,,,,,,
525405,760,2418.0,30:5,6.0,2016-06-05,,0.0,1.0,0.8333333333333334,30.0,5.0,7.0,1.0,,,,,,
918621,7903,8137.0,20:1,0.0,2016-06-06,,0.0,1.0,0.95,20.0,1.0,1.0,0.0,,,,,,
918621,7903,8137.0,20:1,0.0,2016-06-05,2016-06-06,1.0,1.0,0.95,20.0,1.0,7.0,1.0,,,,,,
918621,3388,10201.0,20:1,1.0,2016-06-02,,0.0,1.0,0.95,20.0,1.0,4.0,0.0,,,,,,
3547508,760,2418.0,30:5,1.0,2016-06-05,,0.0,1.0,0.8333333333333334,30.0,5.0,7.0,1.0,,,,,,
3945332,2420,10883.0,100:30,9.0,2016-06-13,,0.0,1.0,0.7,100.0,30.0,1.0,0.0,,,,,,
2768756,760,2418.0,30:5,0.0,2016-06-03,,0.0,1.0,0.8333333333333334,30.0,5.0,5.0,0.0,,,,,,
1254842,760,2418.0,30:5,0.0,2016-06-08,,0.0,1.0,0.8333333333333334,30.0,5.0,3.0,0.0,,,,,,
762333,760,2418.0,30:5,1.0,2016-06-13,,0.0,1.0,0.8333333333333334,30.0,5.0,1.0,0.0,,,,,,
991965,2436,12462.0,20:5,2.0,2016-06-05,,0.0,1.0,0.75,20.0,5.0,7.0,1.0,,,,,,
1329338,388,7224.0,30:5,1.0,2016-06-05,2016-06-07,1.0,1.0,0.8333333333333334,30.0,5.0,7.0,1.0,,,,,,
1329338,388,7224.0,30:5,1.0,2016-06-07,2016-06-18,1.0,1.0,0.8333333333333334,30.0,5.0,2.0,0.0,,,,,,
3707252,7717,3563.0,20:1,4.0,2016-06-04,,0.0,1.0,0.95,20.0,1.0,6.0,1.0,,,,,,
567261,3427,1119.0,10:1,0.0,2016-06-05,,0.0,1.0,0.9,10.0,1.0,7.0,1.0,,,,,,
2401652,1597,4271.0,20:1,0.0,2016-06-15,,0.0,1.0,0.95,20.0,1.0,3.0,0.0,,,,,,
2401652,1597,4271.0,20:1,0.0,2016-06-12,2016-06-30,0.0,1.0,0.95,20.0,1.0,7.0,1.0,,,,,,
3323252,760,2418.0,30:5,0.0,2016-06-02,,0.0,1.0,0.8333333333333334,30.0,5.0,4.0,0.0,,,,,,
3324788,3621,4823.0,20:5,1.0,2016-06-11,,0.0,1.0,0.75,20.0,5.0,6.0,1.0,,,,,,
1402298,450,1613.0,30:5,0.0,2016-06-05,,0.0,1.0,0.8333333333333334,30.0,5.0,7.0,1.0,,,,,,
1209530,4860,9316.0,100:30,0.0,2016-06-04,,0.0,1.0,0.7,100.0,30.0,6.0,1.0,,,,,,
2813300,1469,2601.0,100:20,2.0,2016-06-13,,0.0,1.0,0.8,100.0,20.0,1.0,0.0,,,,,,
4316904,760,2418.0,30:5,0.0,2016-06-06,,0.0,1.0,0.8333333333333334,30.0,5.0,1.0,0.0,,,,,,
770013,450,1613.0,30:5,-1.0,2016-06-01,,0.0,1.0,0.8333333333333334,30.0,5.0,3.0,0.0,,,,,,
1081274,760,2418.0,30:5,2.0,2016-06-05,,0.0,1.0,0.8333333333333334,30.0,5.0,7.0,1.0,,,,,,
3611510,760,2418.0,30:5,2.0,2016-06-10,,0.0,1.0,0.8333333333333334,30.0,5.0,5.0,0.0,,,,,,
1085627,3621,4823.0,20:5,0.0,2016-06-02,,0.0,1.0,0.75,20.0,5.0,4.0,0.0,,,,,,
1217723,760,2418.0,30:5,1.0,2016-06-11,,0.0,1.0,0.8333333333333334,30.0,5.0,6.0,1.0,,,,,,
1545659,5864,1427.0,30:1,4.0,2016-06-10,,0.0,1.0,0.9666666666666667,30.0,1.0,5.0,0.0,,,,,,
5661420,760,2418.0,30:5,1.0,2016-06-01,,0.0,1.0,0.8333333333333334,30.0,5.0,3.0,0.0,,,,,,
2832758,760,2418.0,30:5,2.0,2016-06-09,2016-06-11,1.0,1.0,0.8333333333333334,30.0,5.0,4.0,0.0,,,,,,
2571638,760,2418.0,30:5,0.0,2016-06-11,,0.0,1.0,0.8333333333333334,30.0,5.0,6.0,1.0,,,,,,
6979308,7113,1808.0,100:10,-1.0,2016-06-08,,0.0,1.0,0.9,100.0,10.0,3.0,0.0,,,,,,
6979308,7113,6928.0,200:20,-1.0,2016-06-08,,0.0,1.0,0.9,200.0,20.0,3.0,0.0,,,,,,
1549499,889,3203.0,20:1,4.0,2016-06-09,,0.0,1.0,0.95,20.0,1.0,4.0,0.0,,,,,,
2074811,450,1613.0,30:5,2.0,2016-06-15,,0.0,1.0,0.8333333333333334,30.0,5.0,3.0,0.0,,,,,,
2709878,3621,4823.0,20:5,1.0,2016-06-07,,0.0,1.0,0.75,20.0,5.0,2.0,0.0,,,,,,
1816763,6763,2228.0,20:1,0.0,2016-06-04,,0.0,1.0,0.95,20.0,1.0,6.0,1.0,,,,,,
1623995,450,1613.0,30:5,5.0,2016-06-03,,0.0,1.0,0.8333333333333334,30.0,5.0,5.0,0.0,,,,,,
6761196,760,2418.0,30:5,0.0,2016-06-11,,0.0,1.0,0.8333333333333334,30.0,5.0,6.0,1.0,,,,,,
2333558,7717,9614.0,20:1,0.0,2016-06-05,,0.0,1.0,0.95,20.0,1.0,7.0,1.0,,,,,,
1888187,2420,10883.0,100:30,-1.0,2016-06-13,,0.0,1.0,0.7,100.0,30.0,1.0,0.0,,,,,,
1890491,3621,4823.0,20:5,0.0,2016-06-03,,0.0,1.0,0.75,20.0,5.0,5.0,0.0,,,,,,
6779628,760,2418.0,30:5,0.0,2016-06-13,,0.0,1.0,0.8333333333333334,30.0,5.0,1.0,0.0,,,,,,
2605430,1370,11777.0,50:5,-1.0,2016-06-12,,0.0,1.0,0.9,50.0,5.0,7.0,1.0,,,,,,
1565627,450,1613.0,30:5,0.0,2016-06-06,,0.0,1.0,0.8333333333333334,30.0,5.0,1.0,0.0,,,,,,
1238459,760,2418.0,30:5,0.0,2016-06-06,,0.0,1.0,0.8333333333333334,30.0,5.0,1.0,0.0,,,,,,
6272748,760,2418.0,30:5,4.0,2016-06-04,,0.0,1.0,0.8333333333333334,30.0,5.0,6.0,1.0,,,,,,
4438764,760,2418.0,30:5,1.0,2016-06-05,,0.0,1.0,0.8333333333333334,30.0,5.0,7.0,1.0,,,,,,
4438764,7555,2111.0,0.8,2.0,2016-06-14,,0.0,2.0,0.8,-1.0,-1.0,2.0,0.0,,,,,,
3797366,3777,2241.0,30:1,0.0,2016-06-11,,0.0,1.0,0.9666666666666667,30.0,1.0,6.0,1.0,,,,,,
1769915,450,1613.0,30:5,10.0,2016-06-08,,0.0,1.0,0.8333333333333334,30.0,5.0,3.0,0.0,,,,,,
1377467,3621,4823.0,20:5,0.0,2016-06-09,,0.0,1.0,0.75,20.0,5.0,4.0,0.0,,,,,,
3410294,7717,13423.0,20:1,9.0,2016-06-01,,0.0,1.0,0.95,20.0,1.0,3.0,0.0,,,,,,
3672950,760,2418.0,30:5,10.0,2016-06-09,,0.0,1.0,0.8333333333333334,30.0,5.0,4.0,0.0,,,,,,
1771451,760,2418.0,30:5,0.0,2016-06-07,,0.0,1.0,0.8333333333333334,30.0,5.0,2.0,0.0,,,,,,
5526252,1605,8992.0,20:1,0.0,2016-06-12,,0.0,1.0,0.95,20.0,1.0,7.0,1.0,,,,,,
6331116,4675,4412.0,30:5,-1.0,2016-06-03,,0.0,1.0,0.8333333333333334,30.0,5.0,5.0,0.0,,,,,,
2906486,760,2418.0,30:5,0.0,2016-06-08,,0.0,1.0,0.8333333333333334,30.0,5.0,3.0,0.0,,,,,,
3702134,4723,8991.0,20:5,10.0,2016-06-14,,0.0,1.0,0.75,20.0,5.0,2.0,0.0,,,,,,
1395131,760,2418.0,30:5,0.0,2016-06-01,,0.0,1.0,0.8333333333333334,30.0,5.0,3.0,0.0,,,,,,
3711350,5752,9944.0,100:20,3.0,2016-06-14,2016-06-16,1.0,1.0,0.8,100.0,20.0,2.0,0.0,,,,,,
3711350,5752,9944.0,100:20,3.0,2016-06-12,2016-06-14,1.0,1.0,0.8,100.0,20.0,7.0,1.0,,,,,,
2669942,1469,11848.0,100:20,8.0,2016-06-12,,0.0,1.0,0.8,100.0,20.0,7.0,1.0,,,,,,
6914796,7318,7844.0,20:1,10.0,2016-06-02,,0.0,1.0,0.95,20.0,1.0,4.0,0.0,,,,,,
6914796,3760,12180.0,50:1,-1.0,2016-06-04,,0.0,1.0,0.98,50.0,1.0,6.0,1.0,,,,,,
5090028,760,2418.0,30:5,0.0,2016-06-08,,0.0,1.0,0.8333333333333334,30.0,5.0,3.0,0.0,,,,,,
1667003,450,1613.0,30:5,2.0,2016-06-13,,0.0,1.0,0.8333333333333334,30.0,5.0,1.0,0.0,,,,,,
1536443,7113,1633.0,50:10,1.0,2016-06-13,,0.0,1.0,0.8,50.0,10.0,1.0,0.0,,,,,,
1209275,2661,13419.0,200:20,0.0,2016-06-11,,0.0,1.0,0.9,200.0,20.0,6.0,1.0,,,,,,
1275323,760,2418.0,30:5,0.0,2016-06-06,,0.0,1.0,0.8333333333333334,30.0,5.0,1.0,0.0,,,,,,
2944886,2436,12462.0,20:5,0.0,2016-06-05,,0.0,1.0,0.75,20.0,5.0,7.0,1.0,,,,,,
5909232,7717,3563.0,20:1,4.0,2016-06-05,,0.0,1.0,0.95,20.0,1.0,7.0,1.0,,,,,,
1281212,6805,7219.0,150:20,2.0,2016-06-02,,0.0,1.0,0.8666666666666667,150.0,20.0,4.0,0.0,,,,,,
2068412,6265,12142.0,50:5,0.0,2016-06-05,,0.0,1.0,0.9,50.0,5.0,7.0,1.0,,,,,,
641118,760,2418.0,30:5,0.0,2016-06-01,,0.0,1.0,0.8333333333333334,30.0,5.0,3.0,0.0,,,,,,
1414844,2420,10883.0,100:30,-1.0,2016-06-13,,0.0,1.0,0.7,100.0,30.0,1.0,0.0,,,,,,
2005436,760,2418.0,30:5,0.0,2016-06-08,,0.0,1.0,0.8333333333333334,30.0,5.0,3.0,0.0,,,,,,
6711024,760,2418.0,30:5,0.0,2016-06-05,,0.0,1.0,0.8333333333333334,30.0,5.0,7.0,1.0,,,,,,
1154492,7011,5092.0,10:5,2.0,2016-06-04,,0.0,1.0,0.5,10.0,5.0,6.0,1.0,,,,,,
4147064,760,2418.0,30:5,0.0,2016-06-01,,0.0,1.0,0.8333333333333334,30.0,5.0,3.0,0.0,,,,,,
644574,6901,2107.0,30:5,0.0,2016-06-07,,0.0,1.0,0.8333333333333334,30.0,5.0,2.0,0.0,,,,,,
2076092,7374,7828.0,100:30,3.0,2016-06-05,,0.0,1.0,0.7,100.0,30.0,7.0,1.0,,,,,,
1160636,3116,11220.0,50:5,8.0,2016-06-05,,0.0,1.0,0.9,50.0,5.0,7.0,1.0,,,,,,
388591,760,2418.0,30:5,0.0,2016-06-07,,0.0,1.0,0.8333333333333334,30.0,5.0,2.0,0.0,,,,,,
1041246,2277,12287.0,30:10,0.0,2016-06-04,,0.0,1.0,0.6666666666666667,30.0,10.0,6.0,1.0,,,,,,
1361852,760,2418.0,30:5,3.0,2016-06-10,,0.0,1.0,0.8333333333333334,30.0,5.0,5.0,0.0,,,,,,
2855288,1469,7430.0,50:20,3.0,2016-06-13,,0.0,1.0,0.6,50.0,20.0,1.0,0.0,,,,,,
4400880,760,2418.0,30:5,0.0,2016-06-05,2016-06-05,1.0,1.0,0.8333333333333334,30.0,5.0,7.0,1.0,,,,,,
4038008,760,2418.0,30:5,3.0,2016-06-06,,0.0,1.0,0.8333333333333334,30.0,5.0,1.0,0.0,,,,,,
1102268,450,1613.0,30:5,5.0,2016-06-02,,0.0,1.0,0.8333333333333334,30.0,5.0,4.0,0.0,,,,,,
1692860,4579,10055.0,10:1,0.0,2016-06-03,,0.0,1.0,0.9,10.0,1.0,5.0,0.0,,,,,,
3779960,6371,9618.0,50:5,5.0,2016-06-02,,0.0,1.0,0.9,50.0,5.0,4.0,0.0,,,,,,
2086844,760,2418.0,30:5,1.0,2016-06-13,,0.0,1.0,0.8333333333333334,30.0,5.0,1.0,0.0,,,,,,
782430,760,2418.0,30:5,0.0,2016-06-01,,0.0,1.0,0.8333333333333334,30.0,5.0,3.0,0.0,,,,,,
1107644,6481,13761.0,30:5,10.0,2016-06-08,,0.0,1.0,0.8333333333333334,30.0,5.0,3.0,0.0,,,,,,
359023,450,1613.0,30:5,6.0,2016-06-13,,0.0,1.0,0.8333333333333334,30.0,5.0,1.0,0.0,,,,,,
2091452,426,8918.0,20:1,0.0,2016-06-09,,0.0,1.0,0.95,20.0,1.0,4.0,0.0,,,,,,
719454,3807,4655.0,20:5,0.0,2016-06-01,2016-06-21,0.0,1.0,0.75,20.0,5.0,3.0,0.0,,,,,,
719454,3807,446.0,20:5,0.0,2016-06-10,2016-06-21,1.0,1.0,0.75,20.0,5.0,5.0,0.0,,,,,,
6284016,7717,4751.0,20:1,2.0,2016-06-06,,0.0,1.0,0.95,20.0,1.0,1.0,0.0,,,,,,
6284016,7717,3563.0,20:1,2.0,2016-06-07,,0.0,1.0,0.95,20.0,1.0,2.0,0.0,,,,,,
524143,760,2418.0,30:5,4.0,2016-06-01,,0.0,1.0,0.8333333333333334,30.0,5.0,3.0,0.0,,,,,,
328111,450,1613.0,30:5,10.0,2016-06-12,,0.0,1.0,0.8333333333333334,30.0,5.0,7.0,1.0,,,,,,
919902,450,1613.0,30:5,0.0,2016-06-09,,0.0,1.0,0.8333333333333334,30.0,5.0,4.0,0.0,,,,,,
2632568,760,2418.0,30:5,0.0,2016-06-01,,0.0,1.0,0.8333333333333334,30.0,5.0,3.0,0.0,,,,,,
1513148,450,1613.0,30:5,10.0,2016-06-05,,0.0,1.0,0.8333333333333334,30.0,5.0,7.0,1.0,,,,,,
1055420,2622,6215.0,30:10,0.0,2016-06-03,,0.0,1.0,0.6666666666666667,30.0,10.0,5.0,0.0,,,,,,
2899832,3621,4823.0,20:5,0.0,2016-06-09,,0.0,1.0,0.75,20.0,5.0,4.0,0.0,,,,,,
2899832,760,2418.0,30:5,2.0,2016-06-09,,0.0,1.0,0.8333333333333334,30.0,5.0,4.0,0.0,,,,,,
1254332,3453,2880.0,20:1,-1.0,2016-06-06,,0.0,1.0,0.95,20.0,1.0,1.0,0.0,,,,,,
1713596,760,2418.0,30:5,-1.0,2016-06-02,,0.0,1.0,0.8333333333333334,30.0,5.0,4.0,0.0,,,,,,
1387964,760,2418.0,30:5,0.0,2016-06-07,,0.0,1.0,0.8333333333333334,30.0,5.0,2.0,0.0,,,,,,
429103,1390,5473.0,20:5,0.0,2016-06-01,,0.0,1.0,0.75,20.0,5.0,3.0,0.0,,,,,,
429103,1390,11260.0,5:1,0.0,2016-06-01,,0.0,1.0,0.8,5.0,1.0,3.0,0.0,,,,,,
2778488,760,2418.0,30:5,2.0,2016-06-01,,0.0,1.0,0.8333333333333334,30.0,5.0,3.0,0.0,,,,,,
413359,760,2418.0,30:5,1.0,2016-06-11,,0.0,1.0,0.8333333333333334,30.0,5.0,6.0,1.0,,,,,,
762462,1469,7430.0,50:20,1.0,2016-06-06,,0.0,1.0,0.6,50.0,20.0,1.0,0.0,,,,,,
762462,760,2418.0,30:5,0.0,2016-06-14,,0.0,1.0,0.8333333333333334,30.0,5.0,2.0,0.0,,,,,,
633054,760,2418.0,30:5,1.0,2016-06-01,,0.0,1.0,0.8333333333333334,30.0,5.0,3.0,0.0,,,,,,
3319160,4860,9316.0,100:30,0.0,2016-06-02,,0.0,1.0,0.7,100.0,30.0,4.0,0.0,,,,,,
1136828,760,2418.0,30:5,0.0,2016-06-09,2016-06-19,1.0,1.0,0.8333333333333334,30.0,5.0,4.0,0.0,,,,,,
1028190,450,1613.0,30:5,0.0,2016-06-01,,0.0,1.0,0.8333333333333334,30.0,5.0,3.0,0.0,,,,,,
1028190,614,12986.0,20:1,10.0,2016-06-12,,0.0,1.0,0.95,20.0,1.0,7.0,1.0,,,,,,
366703,760,2418.0,30:5,1.0,2016-06-01,,0.0,1.0,0.8333333333333334,30.0,5.0,3.0,0.0,,,,,,
1467068,3621,13398.0,0.9,1.0,2016-06-02,,0.0,2.0,0.9,-1.0,-1.0,4.0,0.0,,,,,,
1205948,760,2418.0,30:5,0.0,2016-06-01,,0.0,1.0,0.8333333333333334,30.0,5.0,3.0,0.0,,,,,,
515311,2251,6264.0,30:1,0.0,2016-06-10,,0.0,1.0,0.9666666666666667,30.0,1.0,5.0,0.0,,,,,,
515311,760,2418.0,30:5,0.0,2016-06-12,,0.0,1.0,0.8333333333333334,30.0,5.0,7.0,1.0,,,,,,
319279,582,4253.0,100:30,10.0,2016-06-08,,0.0,1.0,0.7,100.0,30.0,3.0,0.0,,,,,,
5632752,760,2418.0,30:5,0.0,2016-06-02,,0.0,1.0,0.8333333333333334,30.0,5.0,4.0,0.0,,,,,,
3210104,7113,1633.0,50:10,4.0,2016-06-13,,0.0,1.0,0.8,50.0,10.0,1.0,0.0,,,,,,
5635824,1469,2601.0,100:20,0.0,2016-06-01,,0.0,1.0,0.8,100.0,20.0,3.0,0.0,,,,,,
1542077,82,7181.0,20:5,-1.0,2016-06-10,,0.0,1.0,0.75,20.0,5.0,5.0,0.0,,,,,,
6439668,5199,6262.0,20:1,-1.0,2016-06-14,,0.0,1.0,0.95,20.0,1.0,2.0,0.0,,,,,,
2433914,760,2418.0,30:5,0.0,2016-06-02,,0.0,1.0,0.8333333333333334,30.0,5.0,4.0,0.0,,,,,,
1151933,2420,10883.0,100:30,-1.0,2016-06-13,,0.0,1.0,0.7,100.0,30.0,1.0,0.0,,,,,,
1545149,5864,1427.0,30:1,0.0,2016-06-03,,0.0,1.0,0.9666666666666667,30.0,1.0,5.0,0.0,,,,,,
1416893,760,2418.0,30:5,2.0,2016-06-08,,0.0,1.0,0.8333333333333334,30.0,5.0,3.0,0.0,,,,,,
3489146,3403,11214.0,20:5,0.0,2016-06-02,2016-06-05,1.0,1.0,0.75,20.0,5.0,4.0,0.0,,,,,,
1159613,4661,13793.0,30:10,10.0,2016-06-10,,0.0,1.0,0.6666666666666667,30.0,10.0,5.0,0.0,,,,,,
3761018,3621,4823.0,20:5,3.0,2016-06-08,,0.0,1.0,0.75,20.0,5.0,3.0,0.0,,,,,,
1619645,1469,2601.0,100:20,1.0,2016-06-11,,0.0,1.0,0.8,100.0,20.0,6.0,1.0,,,,,,
4384500,760,2418.0,30:5,0.0,2016-06-10,,0.0,1.0,0.8333333333333334,30.0,5.0,5.0,0.0,,,,,,
1752509,760,2418.0,30:5,1.0,2016-06-08,,0.0,1.0,0.8333333333333334,30.0,5.0,3.0,0.0,,,,,,
1752509,3621,4823.0,20:5,1.0,2016-06-02,,0.0,1.0,0.75,20.0,5.0,4.0,0.0,,,,,,
2985338,5755,4713.0,150:20,0.0,2016-06-01,,0.0,1.0,0.8666666666666667,150.0,20.0,3.0,0.0,,,,,,
2022845,4643,2189.0,20:5,0.0,2016-06-06,,0.0,1.0,0.75,20.0,5.0,1.0,0.0,,,,,,
3260282,760,2418.0,30:5,0.0,2016-06-05,,0.0,1.0,0.8333333333333334,30.0,5.0,7.0,1.0,,,,,,
7044852,7354,2002.0,50:5,0.0,2016-06-03,,0.0,1.0,0.9,50.0,5.0,5.0,0.0,,,,,,
3392378,7319,4869.0,50:5,0.0,2016-06-12,,0.0,1.0,0.9,50.0,5.0,7.0,1.0,,,,,,
1239485,2436,3992.0,30:5,3.0,2016-06-12,,0.0,1.0,0.8333333333333334,30.0,5.0,7.0,1.0,,,,,,
6534900,760,2418.0,30:5,0.0,2016-06-01,,0.0,1.0,0.8333333333333334,30.0,5.0,3.0,0.0,,,,,,
7330548,450,1613.0,30:5,10.0,2016-06-14,,0.0,1.0,0.8333333333333334,30.0,5.0,2.0,0.0,,,,,,
1115837,450,1613.0,30:5,1.0,2016-06-09,,0.0,1.0,0.8333333333333334,30.0,5.0,4.0,0.0,,,,,,
1640381,3046,14000.0,150:50,10.0,2016-06-05,,0.0,1.0,0.6666666666666667,150.0,50.0,7.0,1.0,,,,,,
1379261,760,2418.0,30:5,0.0,2016-06-06,2016-06-09,1.0,1.0,0.8333333333333334,30.0,5.0,1.0,0.0,,,,,,
1575869,760,2418.0,30:5,1.0,2016-06-10,,0.0,1.0,0.8333333333333334,30.0,5.0,5.0,0.0,,,,,,
2367866,760,2418.0,30:5,0.0,2016-06-10,,0.0,1.0,0.8333333333333334,30.0,5.0,5.0,0.0,,,,,,
1708733,2477,10119.0,30:1,7.0,2016-06-15,,0.0,1.0,0.9666666666666667,30.0,1.0,3.0,0.0,,,,,,
1578941,5140,6546.0,20:1,2.0,2016-06-11,,0.0,1.0,0.95,20.0,1.0,6.0,1.0,,,,,,
6845172,2567,2451.0,50:10,6.0,2016-06-02,,0.0,1.0,0.8,50.0,10.0,4.0,0.0,,,,,,
4227828,4807,4404.0,200:30,6.0,2016-06-01,,0.0,1.0,0.85,200.0,30.0,3.0,0.0,,,,,,
4227828,8000,1357.0,100:10,3.0,2016-06-12,,0.0,1.0,0.9,100.0,10.0,7.0,1.0,,,,,,
1784765,450,1613.0,30:5,4.0,2016-06-12,,0.0,1.0,0.8333333333333334,30.0,5.0,7.0,1.0,,,,,,
1784765,760,2418.0,30:5,0.0,2016-06-02,,0.0,1.0,0.8333333333333334,30.0,5.0,4.0,0.0,,,,,,
1981373,7871,2962.0,0.95,1.0,2016-06-03,2016-06-03,1.0,2.0,0.95,-1.0,-1.0,5.0,0.0,,,,,,
3834746,760,2418.0,30:5,1.0,2016-06-12,,0.0,1.0,0.8333333333333334,30.0,5.0,7.0,1.0,,,,,,
5315316,7008,8380.0,50:5,2.0,2016-06-09,,0.0,1.0,0.9,50.0,5.0,4.0,0.0,,,,,,
5315316,760,2418.0,30:5,2.0,2016-06-07,,0.0,1.0,0.8333333333333334,30.0,5.0,2.0,0.0,,,,,,
1591229,450,1613.0,30:5,0.0,2016-06-02,,0.0,1.0,0.8333333333333334,30.0,5.0,4.0,0.0,,,,,,
3051386,760,2418.0,30:5,0.0,2016-06-10,,0.0,1.0,0.8333333333333334,30.0,5.0,5.0,0.0,,,,,,
1788605,760,2418.0,30:5,0.0,2016-06-15,,0.0,1.0,0.8333333333333334,30.0,5.0,3.0,0.0,,,,,,
4102010,450,1613.0,30:5,1.0,2016-06-11,,0.0,1.0,0.8333333333333334,30.0,5.0,6.0,1.0,,,,,,
1463741,760,2418.0,30:5,0.0,2016-06-08,,0.0,1.0,0.8333333333333334,30.0,5.0,3.0,0.0,,,,,,
1660349,760,2418.0,30:5,1.0,2016-06-12,,0.0,1.0,0.8333333333333334,30.0,5.0,7.0,1.0,,,,,,
1074365,760,2418.0,30:5,0.0,2016-06-07,,0.0,1.0,0.8333333333333334,30.0,5.0,2.0,0.0,,,,,,
6921972,760,2418.0,30:5,10.0,2016-06-01,,0.0,1.0,0.8333333333333334,30.0,5.0,3.0,0.0,,,,,,
4307700,760,2418.0,30:5,0.0,2016-06-01,,0.0,1.0,0.8333333333333334,30.0,5.0,3.0,0.0,,,,,,
1733309,4195,7571.0,30:5,0.0,2016-06-03,,0.0,1.0,0.8333333333333334,30.0,5.0,5.0,0.0,,,,,,
4000124,7307,10286.0,10:1,0.0,2016-06-05,,0.0,1.0,0.9,10.0,1.0,7.0,1.0,,,,,,
4000124,7307,10286.0,10:1,0.0,2016-06-06,,0.0,1.0,0.9,10.0,1.0,1.0,0.0,,,,,,
640095,760,2418.0,30:5,0.0,2016-06-11,,0.0,1.0,0.8333333333333334,30.0,5.0,6.0,1.0,,,,,,
640479,450,1613.0,30:5,7.0,2016-06-14,,0.0,1.0,0.8333333333333334,30.0,5.0,2.0,0.0,,,,,,
5388024,760,2418.0,30:5,2.0,2016-06-11,,0.0,1.0,0.8333333333333334,30.0,5.0,6.0,1.0,,,,,,
1806014,3621,4823.0,20:5,0.0,2016-06-09,,0.0,1.0,0.75,20.0,5.0,4.0,0.0,,,,,,
6963960,760,2418.0,30:5,1.0,2016-06-13,,0.0,1.0,0.8333333333333334,30.0,5.0,1.0,0.0,,,,,,
1415870,450,1613.0,30:5,0.0,2016-06-03,,0.0,1.0,0.8333333333333334,30.0,5.0,5.0,0.0,,,,,,
1091774,760,2418.0,30:5,0.0,2016-06-05,,0.0,1.0,0.8333333333333334,30.0,5.0,7.0,1.0,,,,,,
2009534,3621,4823.0,20:5,0.0,2016-06-13,,0.0,1.0,0.75,20.0,5.0,1.0,0.0,,,,,,
972255,760,2418.0,30:5,10.0,2016-06-02,,0.0,1.0,0.8333333333333334,30.0,5.0,4.0,0.0,,,,,,
612447,2436,3992.0,30:5,-1.0,2016-06-09,,0.0,1.0,0.8333333333333334,30.0,5.0,4.0,0.0,,,,,,
1683902,760,2418.0,30:5,0.0,2016-06-11,,0.0,1.0,0.8333333333333334,30.0,5.0,6.0,1.0,,,,,,
1880510,2050,3780.0,200:20,1.0,2016-06-15,,0.0,1.0,0.9,200.0,20.0,3.0,0.0,,,,,,
2450300,760,2418.0,30:5,1.0,2016-06-09,,0.0,1.0,0.8333333333333334,30.0,5.0,4.0,0.0,,,,,,
5427960,1469,7430.0,50:20,3.0,2016-06-04,,0.0,1.0,0.6,50.0,20.0,6.0,1.0,,,,,,
7265016,2436,3992.0,30:5,0.0,2016-06-10,,0.0,1.0,0.8333333333333334,30.0,5.0,5.0,0.0,,,,,,
777183,760,2418.0,30:5,0.0,2016-06-08,2016-06-20,1.0,1.0,0.8333333333333334,30.0,5.0,3.0,0.0,,,,,,
646239,6372,5520.0,100:50,0.0,2016-06-04,,0.0,1.0,0.5,100.0,50.0,6.0,1.0,,,,,,
843615,450,1613.0,30:5,7.0,2016-06-14,,0.0,1.0,0.8333333333333334,30.0,5.0,2.0,0.0,,,,,,
909663,7666,5666.0,20:1,0.0,2016-06-02,,0.0,1.0,0.95,20.0,1.0,4.0,0.0,,,,,,
2196860,1837,6769.0,100:20,3.0,2016-06-11,,0.0,1.0,0.8,100.0,20.0,6.0,1.0,,,,,,
1557950,4515,7279.0,20:1,0.0,2016-06-14,,0.0,1.0,0.95,20.0,1.0,2.0,0.0,,,,,,
2593148,3621,4823.0,20:5,2.0,2016-06-08,,0.0,1.0,0.75,20.0,5.0,3.0,0.0,,,,,,
1042143,3621,4823.0,20:5,1.0,2016-06-03,,0.0,1.0,0.75,20.0,5.0,5.0,0.0,,,,,,
3384188,760,2418.0,30:5,3.0,2016-06-10,,0.0,1.0,0.8333333333333334,30.0,5.0,5.0,0.0,,,,,,
3646844,760,2418.0,30:5,1.0,2016-06-14,,0.0,1.0,0.8333333333333334,30.0,5.0,2.0,0.0,,,,,,
6785784,3621,4033.0,20:5,0.0,2016-06-07,,0.0,1.0,0.75,20.0,5.0,2.0,0.0,,,,,,
1369022,760,2418.0,30:5,2.0,2016-06-06,,0.0,1.0,0.8333333333333334,30.0,5.0,1.0,0.0,,,,,,
1012959,3567,1218.0,10:1,0.0,2016-06-04,,0.0,1.0,0.9,10.0,1.0,6.0,1.0,,,,,,
2611580,760,2418.0,30:5,0.0,2016-06-10,,0.0,1.0,0.8333333333333334,30.0,5.0,5.0,0.0,,,,,,
1633982,3621,4823.0,20:5,1.0,2016-06-08,,0.0,1.0,0.75,20.0,5.0,3.0,0.0,,,,,,
1373630,7422,4727.0,0.8,10.0,2016-06-01,,0.0,2.0,0.8,-1.0,-1.0,3.0,0.0,,,,,,
4976376,450,1613.0,30:5,3.0,2016-06-02,,0.0,1.0,0.8333333333333334,30.0,5.0,4.0,0.0,,,,,,
1016415,7838,12429.0,0.95,1.0,2016-06-09,2016-06-09,1.0,2.0,0.95,-1.0,-1.0,4.0,0.0,,,,,,
1016415,760,2418.0,30:5,1.0,2016-06-12,,0.0,1.0,0.8333333333333334,30.0,5.0,7.0,1.0,,,,,,
2100092,2420,10883.0,100:30,-1.0,2016-06-13,,0.0,1.0,0.7,100.0,30.0,1.0,0.0,,,,,,
885855,760,2418.0,30:5,10.0,2016-06-02,,0.0,1.0,0.8333333333333334,30.0,5.0,4.0,0.0,,,,,,
754911,450,1613.0,30:5,0.0,2016-06-04,,0.0,1.0,0.8333333333333334,30.0,5.0,6.0,1.0,,,,,,
2364284,760,2418.0,30:5,1.0,2016-06-13,,0.0,1.0,0.8333333333333334,30.0,5.0,1.0,0.0,,,,,,
952671,1971,2386.0,200:20,2.0,2016-06-01,,0.0,1.0,0.9,200.0,20.0,3.0,0.0,,,,,,
1018335,2050,8291.0,200:20,2.0,2016-06-12,,0.0,1.0,0.9,200.0,20.0,7.0,1.0,,,,,,
4214520,3673,3543.0,20:1,0.0,2016-06-04,,0.0,1.0,0.95,20.0,1.0,6.0,1.0,,,,,,
1119422,760,2418.0,30:5,0.0,2016-06-08,,0.0,1.0,0.8333333333333334,30.0,5.0,3.0,0.0,,,,,,
1840574,450,1613.0,30:5,0.0,2016-06-02,,0.0,1.0,0.8333333333333334,30.0,5.0,4.0,0.0,,,,,,
1840574,760,2418.0,30:5,0.0,2016-06-11,,0.0,1.0,0.8333333333333334,30.0,5.0,6.0,1.0,,,,,,
3551612,576,1699.0,50:5,-1.0,2016-06-04,,0.0,1.0,0.9,50.0,5.0,6.0,1.0,,,,,,
6579960,760,2418.0,30:5,10.0,2016-06-11,,0.0,1.0,0.8333333333333334,30.0,5.0,6.0,1.0,,,,,,
1514942,7882,13928.0,20:1,10.0,2016-06-14,2016-06-21,1.0,1.0,0.95,20.0,1.0,2.0,0.0,,,,,,
2768252,7113,1633.0,50:10,6.0,2016-06-13,,0.0,1.0,0.8,50.0,10.0,1.0,0.0,,,,,,
6328056,450,1613.0,30:5,2.0,2016-06-05,,0.0,1.0,0.8333333333333334,30.0,5.0,7.0,1.0,,,,,,
7120632,2420,10883.0,100:30,10.0,2016-06-13,,0.0,1.0,0.7,100.0,30.0,1.0,0.0,,,,,,
5025528,3621,4033.0,20:5,0.0,2016-06-06,,0.0,1.0,0.75,20.0,5.0,1.0,0.0,,,,,,
6598392,2420,10883.0,100:30,4.0,2016-06-13,,0.0,1.0,0.7,100.0,30.0,1.0,0.0,,,,,,
5553912,760,2418.0,30:5,0.0,2016-06-12,,0.0,1.0,0.8333333333333334,30.0,5.0,7.0,1.0,,,,,,
1651646,1469,11848.0,100:20,3.0,2016-06-08,,0.0,1.0,0.8,100.0,20.0,3.0,0.0,,,,,,
1651646,1469,2601.0,100:20,3.0,2016-06-05,,0.0,1.0,0.8,100.0,20.0,7.0,1.0,,,,,,
1651646,1469,2688.0,100:20,3.0,2016-06-08,,0.0,1.0,0.8,100.0,20.0,3.0,0.0,,,,,,
1651646,1469,11848.0,100:20,3.0,2016-06-05,2016-06-08,1.0,1.0,0.8,100.0,20.0,7.0,1.0,,,,,,
2258300,760,2418.0,30:5,1.0,2016-06-13,,0.0,1.0,0.8333333333333334,30.0,5.0,1.0,0.0,,,,,,
2914172,567,1439.0,20:1,0.0,2016-06-06,,0.0,1.0,0.95,20.0,1.0,1.0,0.0,,,,,,
2914172,3795,1964.0,30:1,0.0,2016-06-02,,0.0,1.0,0.9666666666666667,30.0,1.0,4.0,0.0,,,,,,
6877944,760,2418.0,30:5,0.0,2016-06-09,,0.0,1.0,0.8333333333333334,30.0,5.0,4.0,0.0,,,,,,
2917244,760,2418.0,30:5,0.0,2016-06-06,,0.0,1.0,0.8333333333333334,30.0,5.0,1.0,0.0,,,,,,
3049340,760,2418.0,30:5,0.0,2016-06-11,,0.0,1.0,0.8333333333333334,30.0,5.0,6.0,1.0,,,,,,
893919,760,2418.0,30:5,0.0,2016-06-04,,0.0,1.0,0.8333333333333334,30.0,5.0,6.0,1.0,,,,,,
992607,3886,9715.0,20:1,5.0,2016-06-03,,0.0,1.0,0.95,20.0,1.0,5.0,0.0,,,,,,
1723070,8386,4283.0,100:20,0.0,2016-06-15,,0.0,1.0,0.8,100.0,20.0,3.0,0.0,,,,,,
6632184,3621,4823.0,20:5,3.0,2016-06-07,,0.0,1.0,0.75,20.0,5.0,2.0,0.0,,,,,,
2138492,760,2418.0,30:5,0.0,2016-06-08,,0.0,1.0,0.8333333333333334,30.0,5.0,3.0,0.0,,,,,,
1462718,760,2418.0,30:5,0.0,2016-06-01,,0.0,1.0,0.8333333333333334,30.0,5.0,3.0,0.0,,,,,,
994527,760,2418.0,30:5,2.0,2016-06-03,,0.0,1.0,0.8333333333333334,30.0,5.0,5.0,0.0,,,,,,
568671,1183,11096.0,50:1,-1.0,2016-06-02,,0.0,1.0,0.98,50.0,1.0,4.0,0.0,,,,,,
1204670,5152,9558.0,30:5,-1.0,2016-06-11,2016-06-17,1.0,1.0,0.8333333333333334,30.0,5.0,6.0,1.0,,,,,,
1992638,450,9757.0,30:5,0.0,2016-06-09,,0.0,1.0,0.8333333333333334,30.0,5.0,4.0,0.0,,,,,,
2282876,1469,2601.0,100:20,0.0,2016-06-12,,0.0,1.0,0.8,100.0,20.0,7.0,1.0,,,,,,
1666238,450,1613.0,30:5,5.0,2016-06-02,,0.0,1.0,0.8333333333333334,30.0,5.0,4.0,0.0,,,,,,
1931198,2420,10883.0,100:30,-1.0,2016-06-13,,0.0,1.0,0.7,100.0,30.0,1.0,0.0,,,,,,
1276862,2420,10883.0,100:30,-1.0,2016-06-13,,0.0,1.0,0.7,100.0,30.0,1.0,0.0,,,,,,
6420216,3621,4823.0,20:5,0.0,2016-06-13,,0.0,1.0,0.75,20.0,5.0,1.0,0.0,,,,,,
3603836,3795,5418.0,20:1,0.0,2016-06-09,,0.0,1.0,0.95,20.0,1.0,4.0,0.0,,,,,,
3603836,8169,13539.0,5:1,0.0,2016-06-10,,0.0,1.0,0.8,5.0,1.0,5.0,0.0,,,,,,
540639,450,1613.0,30:5,1.0,2016-06-05,,0.0,1.0,0.8333333333333334,30.0,5.0,7.0,1.0,,,,,,
540639,1080,11178.0,10:5,0.0,2016-06-03,,0.0,1.0,0.5,10.0,5.0,5.0,0.0,,,,,,
540639,1080,9296.0,10:5,0.0,2016-06-06,,0.0,1.0,0.5,10.0,5.0,1.0,0.0,,,,,,
540639,1080,9296.0,10:5,0.0,2016-06-03,,0.0,1.0,0.5,10.0,5.0,5.0,0.0,,,,,,
540639,1080,7847.0,10:5,0.0,2016-06-06,,0.0,1.0,0.5,10.0,5.0,1.0,0.0,,,,,,
540639,1080,7847.0,10:5,0.0,2016-06-03,,0.0,1.0,0.5,10.0,5.0,5.0,0.0,,,,,,
2961278,2436,3992.0,30:5,1.0,2016-06-09,,0.0,1.0,0.8333333333333334,30.0,5.0,4.0,0.0,,,,,,
3879806,2338,1985.0,100:20,-1.0,2016-06-09,,0.0,1.0,0.8,100.0,20.0,4.0,0.0,,,,,,
1746623,760,2418.0,30:5,0.0,2016-06-09,,0.0,1.0,0.8333333333333334,30.0,5.0,4.0,0.0,,,,,,
1493183,4579,10055.0,10:1,0.0,2016-06-03,,0.0,1.0,0.9,10.0,1.0,5.0,0.0,,,,,,
2200958,3621,4823.0,20:5,0.0,2016-06-07,,0.0,1.0,0.75,20.0,5.0,2.0,0.0,,,,,,
5454588,5755,4713.0,150:20,0.0,2016-06-09,,0.0,1.0,0.8666666666666667,150.0,20.0,4.0,0.0,,,,,,
1693631,3621,4823.0,20:5,3.0,2016-06-03,,0.0,1.0,0.75,20.0,5.0,5.0,0.0,,,,,,
2472830,760,2418.0,30:5,0.0,2016-06-05,,0.0,1.0,0.8333333333333334,30.0,5.0,7.0,1.0,,,,,,
1630655,1860,5067.0,30:5,0.0,2016-06-01,,0.0,1.0,0.8333333333333334,30.0,5.0,3.0,0.0,,,,,,
1696703,760,2418.0,30:5,2.0,2016-06-11,,0.0,1.0,0.8333333333333334,30.0,5.0,6.0,1.0,,,,,,
7313148,760,2418.0,30:5,0.0,2016-06-10,,0.0,1.0,0.8333333333333334,30.0,5.0,5.0,0.0,,,,,,
1566911,760,2418.0,30:5,0.0,2016-06-12,,0.0,1.0,0.8333333333333334,30.0,5.0,7.0,1.0,,,,,,
2027711,7483,12591.0,20:5,0.0,2016-06-02,,0.0,1.0,0.75,20.0,5.0,4.0,0.0,,,,,,
2617214,2420,10883.0,100:30,1.0,2016-06-13,,0.0,1.0,0.7,100.0,30.0,1.0,0.0,,,,,,
1575359,760,2418.0,30:5,0.0,2016-06-13,,0.0,1.0,0.8333333333333334,30.0,5.0,1.0,0.0,,,,,,
3019646,5413,4889.0,100:20,2.0,2016-06-10,,0.0,1.0,0.8,100.0,20.0,5.0,0.0,,,,,,
5777148,7422,4727.0,0.8,3.0,2016-06-15,,0.0,2.0,0.8,-1.0,-1.0,3.0,0.0,,,,,,
1319615,7605,6500.0,30:1,6.0,2016-06-11,,0.0,1.0,0.9666666666666667,30.0,1.0,6.0,1.0,,,,,,
2773886,760,2418.0,30:5,0.0,2016-06-12,,0.0,1.0,0.8333333333333334,30.0,5.0,7.0,1.0,,,,,,
1715903,4730,7834.0,5:1,5.0,2016-06-01,,0.0,1.0,0.8,5.0,1.0,3.0,0.0,,,,,,
1192895,760,2418.0,30:5,0.0,2016-06-12,,0.0,1.0,0.8333333333333334,30.0,5.0,7.0,1.0,,,,,,
1259711,4275,12753.0,20:1,0.0,2016-06-05,2016-06-09,1.0,1.0,0.95,20.0,1.0,7.0,1.0,,,,,,
1259711,4275,12753.0,20:1,0.0,2016-06-09,2016-06-16,1.0,1.0,0.95,20.0,1.0,4.0,0.0,,,,,,
1259711,4275,12753.0,20:1,0.0,2016-06-03,2016-06-09,1.0,1.0,0.95,20.0,1.0,5.0,0.0,,,,,,
2651006,4597,12123.0,20:1,0.0,2016-06-03,,0.0,1.0,0.95,20.0,1.0,5.0,0.0,,,,,,
2523518,760,2418.0,30:5,4.0,2016-06-12,,0.0,1.0,0.8333333333333334,30.0,5.0,7.0,1.0,,,,,,
1462463,760,2418.0,30:5,0.0,2016-06-07,,0.0,1.0,0.8333333333333334,30.0,5.0,2.0,0.0,,,,,,
3973502,7113,1633.0,50:10,-1.0,2016-06-13,,0.0,1.0,0.8,50.0,10.0,1.0,0.0,,,,,,
1662143,3496,1318.0,20:1,3.0,2016-06-08,,0.0,1.0,0.95,20.0,1.0,3.0,0.0,,,,,,
1924799,450,1613.0,30:5,10.0,2016-06-06,,0.0,1.0,0.8333333333333334,30.0,5.0,1.0,0.0,,,,,,
3984254,8766,5815.0,20:1,-1.0,2016-06-13,,0.0,1.0,0.95,20.0,1.0,1.0,0.0,,,,,,
2282366,760,2418.0,30:5,1.0,2016-06-08,,0.0,1.0,0.8333333333333334,30.0,5.0,3.0,0.0,,,,,,
5356284,7374,10298.0,50:20,-1.0,2016-06-15,,0.0,1.0,0.6,50.0,20.0,3.0,0.0,,,,,,
6406908,760,2418.0,30:5,1.0,2016-06-08,,0.0,1.0,0.8333333333333334,30.0,5.0,3.0,0.0,,,,,,
5884668,6356,3291.0,50:10,0.0,2016-06-09,,0.0,1.0,0.8,50.0,10.0,4.0,0.0,,,,,,
5884668,6356,1325.0,50:10,0.0,2016-06-09,,0.0,1.0,0.8,50.0,10.0,4.0,0.0,,,,,,
1210559,760,2418.0,30:5,0.0,2016-06-07,,0.0,1.0,0.8333333333333334,30.0,5.0,2.0,0.0,,,,,,
39950,2400,3211.0,20:1,0.0,2016-06-14,,0.0,1.0,0.95,20.0,1.0,2.0,0.0,,,,,,
18959,760,2418.0,30:5,5.0,2016-06-10,,0.0,1.0,0.8333333333333334,30.0,5.0,5.0,0.0,,,,,,
241816,760,2418.0,30:5,0.0,2016-06-04,,0.0,1.0,0.8333333333333334,30.0,5.0,6.0,1.0,,,,,,
385456,760,2418.0,30:5,0.0,2016-06-10,,0.0,1.0,0.8333333333333334,30.0,5.0,5.0,0.0,,,,,,
738144,2519,6111.0,30:1,0.0,2016-06-13,,0.0,1.0,0.9666666666666667,30.0,1.0,1.0,0.0,,,,,,
738144,2519,12703.0,20:1,0.0,2016-06-13,,0.0,1.0,0.95,20.0,1.0,1.0,0.0,,,,,,
80028,6485,8798.0,100:10,0.0,2016-06-02,,0.0,1.0,0.9,100.0,10.0,4.0,0.0,,,,,,
21071,7838,12429.0,0.95,0.0,2016-06-14,,0.0,2.0,0.95,-1.0,-1.0,2.0,0.0,,,,,,
33950,3621,4823.0,20:5,0.0,2016-06-13,,0.0,1.0,0.75,20.0,5.0,1.0,0.0,,,,,,
33950,760,2418.0,30:5,10.0,2016-06-01,,0.0,1.0,0.8333333333333334,30.0,5.0,3.0,0.0,,,,,,
1001952,450,1613.0,30:5,0.0,2016-06-14,,0.0,1.0,0.8333333333333334,30.0,5.0,2.0,0.0,,,,,,
250552,3621,4823.0,20:5,0.0,2016-06-14,,0.0,1.0,0.75,20.0,5.0,2.0,0.0,,,,,,
250552,760,2418.0,30:5,1.0,2016-06-11,,0.0,1.0,0.8333333333333334,30.0,5.0,6.0,1.0,,,,,,
3353984,760,2418.0,30:5,1.0,2016-06-12,,0.0,1.0,0.8333333333333334,30.0,5.0,7.0,1.0,,,,,,
40166,450,1613.0,30:5,9.0,2016-06-09,,0.0,1.0,0.8333333333333334,30.0,5.0,4.0,0.0,,,,,,
904800,7666,5666.0,20:1,1.0,2016-06-04,,0.0,1.0,0.95,20.0,1.0,6.0,1.0,,,,,,
44270,760,2418.0,30:5,1.0,2016-06-09,,0.0,1.0,0.8333333333333334,30.0,5.0,4.0,0.0,,,,,,
113148,760,2418.0,30:5,1.0,2016-06-11,,0.0,1.0,0.8333333333333334,30.0,5.0,6.0,1.0,,,,,,
209944,7555,2111.0,0.8,5.0,2016-06-14,,0.0,2.0,0.8,-1.0,-1.0,2.0,0.0,,,,,,
144472,760,2418.0,30:5,0.0,2016-06-02,,0.0,1.0,0.8333333333333334,30.0,5.0,4.0,0.0,,,,,,
144472,450,1613.0,30:5,1.0,2016-06-03,,0.0,1.0,0.8333333333333334,30.0,5.0,5.0,0.0,,,,,,
1155776,760,2418.0,30:5,3.0,2016-06-15,,0.0,1.0,0.8333333333333334,30.0,5.0,3.0,0.0,,,,,,
1352384,6388,2235.0,20:1,10.0,2016-06-02,,0.0,1.0,0.95,20.0,1.0,4.0,0.0,,,,,,
4885248,4265,9507.0,20:1,0.0,2016-06-08,,0.0,1.0,0.95,20.0,1.0,3.0,0.0,,,,,,
19091,3621,4823.0,20:5,1.0,2016-06-08,,0.0,1.0,0.75,20.0,5.0,3.0,0.0,,,,,,
201976,7974,6587.0,30:5,0.0,2016-06-02,2016-06-02,1.0,1.0,0.8333333333333334,30.0,5.0,4.0,0.0,,,,,,
201976,760,2418.0,30:5,0.0,2016-06-09,,0.0,1.0,0.8333333333333334,30.0,5.0,4.0,0.0,,,,,,
1158080,760,2418.0,30:5,0.0,2016-06-06,,0.0,1.0,0.8333333333333334,30.0,5.0,1.0,0.0,,,,,,
4894464,760,2418.0,30:5,1.0,2016-06-10,,0.0,1.0,0.8333333333333334,30.0,5.0,5.0,0.0,,,,,,
4903680,760,2418.0,30:5,3.0,2016-06-05,2016-06-19,1.0,1.0,0.8333333333333334,30.0,5.0,7.0,1.0,,,,,,
1488320,760,2418.0,30:5,0.0,2016-06-11,,0.0,1.0,0.8333333333333334,30.0,5.0,6.0,1.0,,,,,,
547680,760,2418.0,30:5,0.0,2016-06-13,,0.0,1.0,0.8333333333333334,30.0,5.0,1.0,0.0,,,,,,
235288,760,2418.0,30:5,1.0,2016-06-10,,0.0,1.0,0.8333333333333334,30.0,5.0,5.0,0.0,,,,,,
3240320,3621,4823.0,20:5,1.0,2016-06-14,,0.0,1.0,0.75,20.0,5.0,2.0,0.0,,,,,,
646368,8589,5313.0,20:1,0.0,2016-06-04,,0.0,1.0,0.95,20.0,1.0,6.0,1.0,,,,,,
125868,8305,9822.0,200:20,1.0,2016-06-14,,0.0,1.0,0.9,200.0,20.0,2.0,0.0,,,,,,
125868,7717,3563.0,20:1,1.0,2016-06-08,,0.0,1.0,0.95,20.0,1.0,3.0,0.0,,,,,,
202648,450,1613.0,30:5,1.0,2016-06-06,,0.0,1.0,0.8333333333333334,30.0,5.0,1.0,0.0,,,,,,
227416,2622,6215.0,30:10,1.0,2016-06-03,,0.0,1.0,0.6666666666666667,30.0,10.0,5.0,0.0,,,,,,
126012,760,2418.0,30:5,0.0,2016-06-15,,0.0,1.0,0.8333333333333334,30.0,5.0,3.0,0.0,,,,,,
194680,3621,4823.0,20:5,-1.0,2016-06-14,,0.0,1.0,0.75,20.0,5.0,2.0,0.0,,,,,,
2592128,7136,12114.0,20:1,-1.0,2016-06-05,,0.0,1.0,0.95,20.0,1.0,7.0,1.0,,,,,,
137560,7113,1633.0,50:10,0.0,2016-06-13,,0.0,1.0,0.8,50.0,10.0,1.0,0.0,,,,,,
291568,1469,7430.0,50:20,4.0,2016-06-13,,0.0,1.0,0.6,50.0,20.0,1.0,0.0,,,,,,
373744,450,1613.0,30:5,0.0,2016-06-06,,0.0,1.0,0.8333333333333334,30.0,5.0,1.0,0.0,,,,,,
3516800,2420,10883.0,100:30,3.0,2016-06-13,,0.0,1.0,0.7,100.0,30.0,1.0,0.0,,,,,,
715488,187,2197.0,20:1,1.0,2016-06-13,2016-06-27,1.0,1.0,0.95,20.0,1.0,1.0,0.0,,,,,,
584544,760,2418.0,30:5,0.0,2016-06-01,,0.0,1.0,0.8333333333333334,30.0,5.0,3.0,0.0,,,,,,
7035648,2889,5396.0,20:1,-1.0,2016-06-08,,0.0,1.0,0.95,20.0,1.0,3.0,0.0,,,,,,
81276,2622,6215.0,30:10,0.0,2016-06-03,,0.0,1.0,0.6666666666666667,30.0,10.0,5.0,0.0,,,,,,
358192,760,2418.0,30:5,0.0,2016-06-09,,0.0,1.0,0.8333333333333334,30.0,5.0,4.0,0.0,,,,,,
126444,760,2418.0,30:5,2.0,2016-06-04,,0.0,1.0,0.8333333333333334,30.0,5.0,6.0,1.0,,,,,,
44798,3621,4823.0,20:5,0.0,2016-06-12,,0.0,1.0,0.75,20.0,5.0,7.0,1.0,,,,,,
1565120,1469,2601.0,100:20,0.0,2016-06-09,,0.0,1.0,0.8,100.0,20.0,4.0,0.0,,,,,,
1565120,1469,11848.0,100:20,0.0,2016-06-09,,0.0,1.0,0.8,100.0,20.0,4.0,0.0,,,,,,
40742,2248,13216.0,20:1,0.0,2016-06-03,,0.0,1.0,0.95,20.0,1.0,5.0,0.0,,,,,,
4180352,2420,10883.0,100:30,-1.0,2016-06-13,,0.0,1.0,0.7,100.0,30.0,1.0,0.0,,,,,,
53054,760,2418.0,30:5,0.0,2016-06-09,,0.0,1.0,0.8333333333333334,30.0,5.0,4.0,0.0,,,,,,
1173440,6084,1465.0,20:1,0.0,2016-06-12,2016-06-19,1.0,1.0,0.95,20.0,1.0,7.0,1.0,,,,,,
1173440,6084,6283.0,20:1,0.0,2016-06-12,,0.0,1.0,0.95,20.0,1.0,7.0,1.0,,,,,,
3527552,760,2418.0,30:5,-1.0,2016-06-14,,0.0,1.0,0.8333333333333334,30.0,5.0,2.0,0.0,,,,,,
77484,760,2418.0,30:5,1.0,2016-06-11,,0.0,1.0,0.8333333333333334,30.0,5.0,6.0,1.0,,,,,,
26543,7113,1808.0,100:10,0.0,2016-06-03,,0.0,1.0,0.9,100.0,10.0,5.0,0.0,,,,,,
26543,7113,6928.0,200:20,0.0,2016-06-03,,0.0,1.0,0.9,200.0,20.0,5.0,0.0,,,,,,
4052864,7959,7171.0,30:1,0.0,2016-06-01,,0.0,1.0,0.9666666666666667,30.0,1.0,3.0,0.0,,,,,,
4436736,3607,13809.0,30:1,5.0,2016-06-07,,0.0,1.0,0.9666666666666667,30.0,1.0,2.0,0.0,,,,,,
523120,760,2418.0,30:5,0.0,2016-06-06,,0.0,1.0,0.8333333333333334,30.0,5.0,1.0,0.0,,,,,,
23483,2372,9984.0,100:10,10.0,2016-06-13,,0.0,1.0,0.9,100.0,10.0,1.0,0.0,,,,,,
23483,2436,3992.0,30:5,1.0,2016-06-08,,0.0,1.0,0.8333333333333334,30.0,5.0,3.0,0.0,,,,,,
849888,3621,4033.0,20:5,1.0,2016-06-14,,0.0,1.0,0.75,20.0,5.0,2.0,0.0,,,,,,
2483072,3477,5000.0,100:10,0.0,2016-06-03,2016-06-27,0.0,1.0,0.9,100.0,10.0,5.0,0.0,,,,,,
6541056,4257,4550.0,20:5,0.0,2016-06-12,,0.0,1.0,0.75,20.0,5.0,7.0,1.0,,,,,,
44966,7078,8590.0,20:1,10.0,2016-06-15,,0.0,1.0,0.95,20.0,1.0,3.0,0.0,,,,,,
30695,5908,3730.0,30:1,6.0,2016-06-08,,0.0,1.0,0.9666666666666667,30.0,1.0,3.0,0.0,,,,,,
2225024,760,2418.0,30:5,1.0,2016-06-09,,0.0,1.0,0.8333333333333334,30.0,5.0,4.0,0.0,,,,,,
1244096,6896,2321.0,20:1,1.0,2016-06-03,,0.0,1.0,0.95,20.0,1.0,5.0,0.0,,,,,,
20483,8386,4283.0,100:20,1.0,2016-06-06,,0.0,1.0,0.8,100.0,20.0,1.0,0.0,,,,,,
98316,5032,13203.0,30:10,1.0,2016-06-13,,0.0,1.0,0.6666666666666667,30.0,10.0,1.0,0.0,,,,,,
6817536,3621,4823.0,20:5,1.0,2016-06-09,,0.0,1.0,0.75,20.0,5.0,4.0,0.0,,,,,,
1115072,450,1613.0,30:5,0.0,2016-06-03,,0.0,1.0,0.8333333333333334,30.0,5.0,5.0,0.0,,,,,,
2099072,50,947.0,20:1,4.0,2016-06-14,,0.0,1.0,0.95,20.0,1.0,2.0,0.0,,,,,,
377200,5270,5693.0,50:5,1.0,2016-06-02,,0.0,1.0,0.9,50.0,5.0,4.0,0.0,,,,,,
29759,760,2418.0,30:5,0.0,2016-06-04,,0.0,1.0,0.8333333333333334,30.0,5.0,6.0,1.0,,,,,,
29759,1469,2601.0,100:20,0.0,2016-06-02,,0.0,1.0,0.8,100.0,20.0,4.0,0.0,,,,,,
985056,760,2418.0,30:5,0.0,2016-06-06,,0.0,1.0,0.8333333333333334,30.0,5.0,1.0,0.0,,,,,,
39110,4666,6604.0,100:10,0.0,2016-06-02,,0.0,1.0,0.9,100.0,10.0,4.0,0.0,,,,,,
102828,450,1613.0,30:5,0.0,2016-06-11,,0.0,1.0,0.8333333333333334,30.0,5.0,6.0,1.0,,,,,,
86508,3449,10462.0,50:5,0.0,2016-06-04,,0.0,1.0,0.9,50.0,5.0,6.0,1.0,,,,,,
57614,1621,12081.0,200:20,6.0,2016-06-11,,0.0,1.0,0.9,200.0,20.0,6.0,1.0,,,,,,
103020,5301,7370.0,20:1,0.0,2016-06-04,,0.0,1.0,0.95,20.0,1.0,6.0,1.0,,,,,,
824160,4883,12286.0,20:1,0.0,2016-06-01,,0.0,1.0,0.95,20.0,1.0,3.0,0.0,,,,,,
39254,1418,4782.0,50:5,-1.0,2016-06-03,,0.0,1.0,0.9,50.0,5.0,5.0,0.0,,,,,,
222712,760,2418.0,30:5,0.0,2016-06-09,,0.0,1.0,0.8333333333333334,30.0,5.0,4.0,0.0,,,,,,
2122112,3621,4823.0,20:5,0.0,2016-06-09,,0.0,1.0,0.75,20.0,5.0,4.0,0.0,,,,,,
3040640,6902,10232.0,30:1,0.0,2016-06-02,,0.0,1.0,0.9666666666666667,30.0,1.0,4.0,0.0,,,,,,
1913792,1495,11051.0,20:1,0.0,2016-06-01,,0.0,1.0,0.95,20.0,1.0,3.0,0.0,,,,,,
25811,450,1613.0,30:5,1.0,2016-06-13,,0.0,1.0,0.8333333333333334,30.0,5.0,1.0,0.0,,,,,,
57782,3183,5613.0,20:1,-1.0,2016-06-11,,0.0,1.0,0.95,20.0,1.0,6.0,1.0,,,,,,
629856,760,2418.0,30:5,1.0,2016-06-02,,0.0,1.0,0.8333333333333334,30.0,5.0,4.0,0.0,,,,,,
255832,2771,7406.0,20:1,1.0,2016-06-08,,0.0,1.0,0.95,20.0,1.0,3.0,0.0,,,,,,
239608,2420,10883.0,100:30,7.0,2016-06-13,,0.0,1.0,0.7,100.0,30.0,1.0,0.0,,,,,,
